{"mean":{"confidence_interval":{"confidence_level":0.95,"lower_bound":41113.81930306806,"upper_bound":41406.572296524755},"point_estimate":41255.24082839067,"standard_error":74.5662739423604},"median":{"confidence_interval":{"confidence_level":0.95,"lower_bound":40726.19047619047,"upper_bound":41625.609871031746},"point_estimate":40979.18718998016,"standard_error":269.76234549388954},"median_abs_dev":{"confidence_interval":{"confidence_level":0.95,"lower_bound":283.59031055385003,"upper_bound":1231.7724480299835},"point_estimate":658.9037062876791,"standard_error":239.14155590115607},"slope":{"confidence_interval":{"confidence_level":0.95,"lower_bound":41290.99014020315,"upper_bound":41499.73925257567},"point_estimate":41406.444944830306,"standard_error":53.234562175071},"std_dev":{"confidence_interval":{"confidence_level":0.95,"lower_bound":619.3610157438866,"upper_bound":866.8113326054664},"point_estimate":747.7100384372095,"standard_error":63.32899001278164}}