{"mean":{"confidence_interval":{"confidence_level":0.95,"lower_bound":39031.740146743214,"upper_bound":39171.82397593825},"point_estimate":39092.756922741995,"standard_error":36.158131500790866},"median":{"confidence_interval":{"confidence_level":0.95,"lower_bound":38997.53478788653,"upper_bound":39065.0934965035},"point_estimate":39026.97684099437,"standard_error":15.903882074076908},"median_abs_dev":{"confidence_interval":{"confidence_level":0.95,"lower_bound":91.97610947821875,"upper_bound":144.93213171556079},"point_estimate":115.8726608812328,"standard_error":13.455125151473206},"slope":{"confidence_interval":{"confidence_level":0.95,"lower_bound":39031.25101065172,"upper_bound":39068.828678936705},"point_estimate":39049.06030612361,"standard_error":9.595965312100512},"std_dev":{"confidence_interval":{"confidence_level":0.95,"lower_bound":145.65651598047748,"upper_bound":553.0391790711685},"point_estimate":364.1989954922752,"standard_error":107.7727682950096}}