{"mean":{"confidence_interval":{"confidence_level":0.95,"lower_bound":12193.885242510736,"upper_bound":12521.409931932381},"point_estimate":12312.413627609943,"standard_error":95.70654242867242},"median":{"confidence_interval":{"confidence_level":0.95,"lower_bound":12137.58024691358,"upper_bound":12158.827126452434},"point_estimate":12143.031072739406,"standard_error":6.410309484070365},"median_abs_dev":{"confidence_interval":{"confidence_level":0.95,"lower_bound":27.425663788298333,"upper_bound":66.94070820748114},"point_estimate":38.49854730777808,"standard_error":10.552484231102106},"slope":{"confidence_interval":{"confidence_level":0.95,"lower_bound":12187.102924489373,"upper_bound":12267.627596906157},"point_estimate":12225.348829851477,"standard_error":20.615929025949267},"std_dev":{"confidence_interval":{"confidence_level":0.95,"lower_bound":129.4850796570936,"upper_bound":1627.9643147201577},"point_estimate":957.7483609726685,"standard_error":526.4994987707647}}