{"mean":{"confidence_interval":{"confidence_level":0.95,"lower_bound":1035234.5326086286,"upper_bound":1039104.0587001961},"point_estimate":1037018.9811228472,"standard_error":990.9062066750506},"median":{"confidence_interval":{"confidence_level":0.95,"lower_bound":1034983.731707317,"upper_bound":1036233.1081081082},"point_estimate":1035613.4620743034,"standard_error":303.54139630174166},"median_abs_dev":{"confidence_interval":{"confidence_level":0.95,"lower_bound":2265.602682479908,"upper_bound":5815.414575545364},"point_estimate":3658.8150338665723,"standard_error":812.8797868238521},"slope":{"confidence_interval":{"confidence_level":0.95,"lower_bound":1032670.6444811572,"upper_bound":1038170.7053700861},"point_estimate":1035048.3644332791,"standard_error":1419.161436642712},"std_dev":{"confidence_interval":{"confidence_level":0.95,"lower_bound":5745.777251720277,"upper_bound":13393.058233532955},"point_estimate":9962.505073627868,"standard_error":1938.3911213350707}}