{"mean":{"confidence_interval":{"confidence_level":0.95,"lower_bound":1094521.8200331242,"upper_bound":1095766.2439585235},"point_estimate":1095071.257917147,"standard_error":320.5420280965724},"median":{"confidence_interval":{"confidence_level":0.95,"lower_bound":1094217.5833333333,"upper_bound":1094672.3318399044},"point_estimate":1094546.5954545455,"standard_error":123.54265298311779},"median_abs_dev":{"confidence_interval":{"confidence_level":0.95,"lower_bound":756.524239735207,"upper_bound":1323.7632139984312},"point_estimate":964.0796812641302,"standard_error":149.74468274107977},"slope":{"confidence_interval":{"confidence_level":0.95,"lower_bound":1094305.2550289019,"upper_bound":1094637.81603242},"point_estimate":1094470.3673355991,"standard_error":84.99674737776019},"std_dev":{"confidence_interval":{"confidence_level":0.95,"lower_bound":1325.7087093408045,"upper_bound":4777.103489986403},"point_estimate":3220.311747791126,"standard_error":880.9536923956277}}