{"mean":{"confidence_interval":{"confidence_level":0.95,"lower_bound":1921.9049077494813,"upper_bound":1926.7708657242108},"point_estimate":1923.9554087354022,"standard_error":1.2636714275827465},"median":{"confidence_interval":{"confidence_level":0.95,"lower_bound":1921.1514342453663,"upper_bound":1922.8144307149162},"point_estimate":1922.0526272450218,"standard_error":0.42039057452439693},"median_abs_dev":{"confidence_interval":{"confidence_level":0.95,"lower_bound":2.1895223841812133,"upper_bound":4.156363583167634},"point_estimate":2.930270813420679,"standard_error":0.4884016466931615},"slope":{"confidence_interval":{"confidence_level":0.95,"lower_bound":1920.1367498376158,"upper_bound":1922.0498866318624},"point_estimate":1921.05533616738,"standard_error":0.4868409919639909},"std_dev":{"confidence_interval":{"confidence_level":0.95,"lower_bound":4.264411169567171,"upper_bound":19.95510510597206},"point_estimate":12.674373031887612,"standard_error":4.443873325939002}}