{"mean":{"confidence_interval":{"confidence_level":0.95,"lower_bound":41304.66026890783,"upper_bound":41525.70151851444},"point_estimate":41415.220579929446,"standard_error":56.52259899556461},"median":{"confidence_interval":{"confidence_level":0.95,"lower_bound":41624.643275862065,"upper_bound":41688.84322824716},"point_estimate":41663.664838951314,"standard_error":18.297144078491222},"median_abs_dev":{"confidence_interval":{"confidence_level":0.95,"lower_bound":86.67296192171112,"upper_bound":213.13588113954705},"point_estimate":111.36192339370866,"standard_error":36.51285832409456},"slope":{"confidence_interval":{"confidence_level":0.95,"lower_bound":41621.513664848186,"upper_bound":41673.94661999095},"point_estimate":41648.971022195954,"standard_error":13.33191292692586},"std_dev":{"confidence_interval":{"confidence_level":0.95,"lower_bound":468.69128381285583,"upper_bound":683.372478260636},"point_estimate":568.5272935147823,"standard_error":56.01191312968439}}