{"mean":{"confidence_interval":{"confidence_level":0.95,"lower_bound":21810.654517555446,"upper_bound":21906.227765915926},"point_estimate":21852.36386480606,"standard_error":24.598904363498242},"median":{"confidence_interval":{"confidence_level":0.95,"lower_bound":21775.415731577617,"upper_bound":21799.56004140787},"point_estimate":21788.350157182438,"standard_error":6.045867238753654},"median_abs_dev":{"confidence_interval":{"confidence_level":0.95,"lower_bound":31.467403097469294,"upper_bound":59.104972343642345},"point_estimate":42.176431109778235,"standard_error":7.04331191215414},"slope":{"confidence_interval":{"confidence_level":0.95,"lower_bound":21779.945326375448,"upper_bound":21851.258438364173},"point_estimate":21808.67064372498,"standard_error":18.605588530958254},"std_dev":{"confidence_interval":{"confidence_level":0.95,"lower_bound":102.544277632414,"upper_bound":365.1977175211481},"point_estimate":247.17677311010385,"standard_error":68.03362285163088}}