{"mean":{"confidence_interval":{"confidence_level":0.95,"lower_bound":4229.766339559674,"upper_bound":4249.070525577845},"point_estimate":4238.161170671896,"standard_error":4.989804614561836},"median":{"confidence_interval":{"confidence_level":0.95,"lower_bound":4225.720056199509,"upper_bound":4229.255827505827},"point_estimate":4227.336961572379,"standard_error":0.8483472963461091},"median_abs_dev":{"confidence_interval":{"confidence_level":0.95,"lower_bound":5.682541463233291,"upper_bound":11.18915369095364},"point_estimate":7.608180705383264,"standard_error":1.4624367462571946},"slope":{"confidence_interval":{"confidence_level":0.95,"lower_bound":4222.5981604478375,"upper_bound":4243.418134566792},"point_estimate":4230.198795550049,"standard_error":5.691753560745634},"std_dev":{"confidence_interval":{"confidence_level":0.95,"lower_bound":16.8589431780383,"upper_bound":74.64030105302963},"point_estimate":50.086028662375135,"standard_error":14.592809277092986}}