{"mean":{"confidence_interval":{"confidence_level":0.95,"lower_bound":38715.93394373879,"upper_bound":38749.973047850064},"point_estimate":38731.98659933164,"standard_error":8.700664107571555},"median":{"confidence_interval":{"confidence_level":0.95,"lower_bound":38699.066644562336,"upper_bound":38729.372710622716},"point_estimate":38708.3013666713,"standard_error":7.411412323265027},"median_abs_dev":{"confidence_interval":{"confidence_level":0.95,"lower_bound":38.796741690423836,"upper_bound":65.4828471400717},"point_estimate":47.119464066664584,"standard_error":6.426583223370121},"slope":{"confidence_interval":{"confidence_level":0.95,"lower_bound":38700.40450535189,"upper_bound":38719.56455029085},"point_estimate":38709.57560502893,"standard_error":4.860872073378399},"std_dev":{"confidence_interval":{"confidence_level":0.95,"lower_bound":62.710304714307064,"upper_bound":109.74523798121642},"point_estimate":87.30912001434837,"standard_error":12.056511914710258}}