{"mean":{"confidence_interval":{"confidence_level":0.95,"lower_bound":1389.6754397274858,"upper_bound":1393.5421461812264},"point_estimate":1391.3864011196897,"standard_error":0.9955288894723008},"median":{"confidence_interval":{"confidence_level":0.95,"lower_bound":1388.4470467032968,"upper_bound":1390.0241914947796},"point_estimate":1389.2096617155635,"standard_error":0.3922516811486773},"median_abs_dev":{"confidence_interval":{"confidence_level":0.95,"lower_bound":2.3451842835760015,"upper_bound":3.7327452634987073},"point_estimate":2.7510078714269013,"standard_error":0.3511030921575006},"slope":{"confidence_interval":{"confidence_level":0.95,"lower_bound":1387.7698767675458,"upper_bound":1389.254676315826},"point_estimate":1388.4621092225866,"standard_error":0.3777304169805876},"std_dev":{"confidence_interval":{"confidence_level":0.95,"lower_bound":4.441024036382377,"upper_bound":14.831710621602967},"point_estimate":9.991237374392394,"standard_error":2.7315005711732026}}