{"mean":{"confidence_interval":{"confidence_level":0.95,"lower_bound":1167.166822735395,"upper_bound":1171.6762569618857},"point_estimate":1169.1180373112768,"standard_error":1.1618291847972784},"median":{"confidence_interval":{"confidence_level":0.95,"lower_bound":1166.5369607843138,"upper_bound":1167.4797923875433},"point_estimate":1166.99467535153,"standard_error":0.21800651451483422},"median_abs_dev":{"confidence_interval":{"confidence_level":0.95,"lower_bound":1.4535891678728792,"upper_bound":2.928969732305153},"point_estimate":1.9285503004013536,"standard_error":0.3687786038096834},"slope":{"confidence_interval":{"confidence_level":0.95,"lower_bound":1165.6420299308295,"upper_bound":1172.460375489205},"point_estimate":1167.9796775215361,"standard_error":1.9094180099597131},"std_dev":{"confidence_interval":{"confidence_level":0.95,"lower_bound":3.8144502553907915,"upper_bound":17.46174095619323},"point_estimate":11.627153365548416,"standard_error":3.445580520926458}}