{"mean":{"confidence_interval":{"confidence_level":0.95,"lower_bound":398848.6254651132,"upper_bound":400265.29105746606},"point_estimate":399452.7882552304,"standard_error":368.06622808854036},"median":{"confidence_interval":{"confidence_level":0.95,"lower_bound":398499.91638795985,"upper_bound":398972.97297297296},"point_estimate":398709.9321658615,"standard_error":107.55367876364522},"median_abs_dev":{"confidence_interval":{"confidence_level":0.95,"lower_bound":710.9830637411617,"upper_bound":1205.5812258925332},"point_estimate":932.2946264845729,"standard_error":126.66270231442319},"slope":{"confidence_interval":{"confidence_level":0.95,"lower_bound":398212.5459075432,"upper_bound":398619.6565863314},"point_estimate":398403.5606925767,"standard_error":103.71840708683385},"std_dev":{"confidence_interval":{"confidence_level":0.95,"lower_bound":1284.3718658420798,"upper_bound":5832.700331073717},"point_estimate":3720.5411917300444,"standard_error":1286.0347468629316}}