{"mean":{"confidence_interval":{"confidence_level":0.95,"lower_bound":211124.87238045144,"upper_bound":212022.25288647145},"point_estimate":211514.4440438173,"standard_error":230.77198102735682},"median":{"confidence_interval":{"confidence_level":0.95,"lower_bound":210893.37435897437,"upper_bound":211322.39616977226},"point_estimate":211124.23858560793,"standard_error":109.68818834216772},"median_abs_dev":{"confidence_interval":{"confidence_level":0.95,"lower_bound":650.3685742245609,"upper_bound":938.0443838833952},"point_estimate":833.2528018974248,"standard_error":77.71451362401336},"slope":{"confidence_interval":{"confidence_level":0.95,"lower_bound":210757.3950733503,"upper_bound":211039.65563678762},"point_estimate":210888.98017733116,"standard_error":72.47485879269927},"std_dev":{"confidence_interval":{"confidence_level":0.95,"lower_bound":712.1452108272341,"upper_bound":3493.8179196877963},"point_estimate":2315.288856791055,"standard_error":704.0018442205469}}