{"mean":{"confidence_interval":{"confidence_level":0.95,"lower_bound":489.77236868592786,"upper_bound":491.34786227369324},"point_estimate":490.4401942924732,"standard_error":0.40957626956935617},"median":{"confidence_interval":{"confidence_level":0.95,"lower_bound":489.5372082919563,"upper_bound":489.84142254220455},"point_estimate":489.6820943334658,"standard_error":0.06784735816434344},"median_abs_dev":{"confidence_interval":{"confidence_level":0.95,"lower_bound":0.688325437525366,"upper_bound":1.5040833364054258},"point_estimate":0.9716756105516607,"standard_error":0.21138228776367998},"slope":{"confidence_interval":{"confidence_level":0.95,"lower_bound":489.77865710047155,"upper_bound":490.19649684681497},"point_estimate":489.97631189622984,"standard_error":0.10649514338852623},"std_dev":{"confidence_interval":{"confidence_level":0.95,"lower_bound":1.3137472512016046,"upper_bound":6.439561600219289},"point_estimate":4.121357222298319,"standard_error":1.4013483513037834}}