{"mean":{"confidence_interval":{"confidence_level":0.95,"lower_bound":233.82003967315464,"upper_bound":240.5562059798042},"point_estimate":236.2904005644232,"standard_error":1.9166717650811778},"median":{"confidence_interval":{"confidence_level":0.95,"lower_bound":232.6216858693694,"upper_bound":233.97756558820802},"point_estimate":233.11451526208714,"standard_error":0.3288543337151378},"median_abs_dev":{"confidence_interval":{"confidence_level":0.95,"lower_bound":1.9498746372688824,"upper_bound":3.381738122708251},"point_estimate":2.5984952015239937,"standard_error":0.3470149713269373},"slope":{"confidence_interval":{"confidence_level":0.95,"lower_bound":232.9640545884429,"upper_bound":234.08920395994028},"point_estimate":233.47667613360161,"standard_error":0.28668914524824035},"std_dev":{"confidence_interval":{"confidence_level":0.95,"lower_bound":3.269867813183167,"upper_bound":32.61831928722715},"point_estimate":19.26806420154949,"standard_error":10.22266041923865}}