{"mean":{"confidence_interval":{"confidence_level":0.95,"lower_bound":105541.6367121268,"upper_bound":105970.8198390059},"point_estimate":105725.45814594063,"standard_error":111.09578251755589},"median":{"confidence_interval":{"confidence_level":0.95,"lower_bound":105461.25,"upper_bound":105553.125},"point_estimate":105495.88228663447,"standard_error":21.62121565925154},"median_abs_dev":{"confidence_interval":{"confidence_level":0.95,"lower_bound":164.46194851472976,"upper_bound":266.55294276774794},"point_estimate":212.72078314653396,"standard_error":26.474788649753044},"slope":{"confidence_interval":{"confidence_level":0.95,"lower_bound":105392.495666353,"upper_bound":105507.51925958239},"point_estimate":105445.48096941038,"standard_error":29.28775880876213},"std_dev":{"confidence_interval":{"confidence_level":0.95,"lower_bound":322.8760528886543,"upper_bound":1715.5567232212497},"point_estimate":1111.4380500988523,"standard_error":356.24892495657815}}