{"mean":{"confidence_interval":{"confidence_level":0.95,"lower_bound":4616.354754667211,"upper_bound":4635.854489015928},"point_estimate":4624.606359200145,"standard_error":5.030153581768856},"median":{"confidence_interval":{"confidence_level":0.95,"lower_bound":4614.4607522250935,"upper_bound":4618.555587307844},"point_estimate":4616.262359285473,"standard_error":1.0537243003038144},"median_abs_dev":{"confidence_interval":{"confidence_level":0.95,"lower_bound":6.955967709562563,"upper_bound":14.008540304685637},"point_estimate":10.590256497212913,"standard_error":1.7809286296763942},"slope":{"confidence_interval":{"confidence_level":0.95,"lower_bound":4608.34510788672,"upper_bound":4615.15420581994},"point_estimate":4611.595516064623,"standard_error":1.7383206782942708},"std_dev":{"confidence_interval":{"confidence_level":0.95,"lower_bound":16.332519174780344,"upper_bound":78.7654325904752},"point_estimate":50.45764382586552,"standard_error":16.80789683567794}}