{"mean":{"confidence_interval":{"confidence_level":0.95,"lower_bound":97.46249992933636,"upper_bound":99.3035577552152},"point_estimate":98.12612960277109,"standard_error":0.5339461277863736},"median":{"confidence_interval":{"confidence_level":0.95,"lower_bound":97.38650074972675,"upper_bound":97.54543272113477},"point_estimate":97.47239226768467,"standard_error":0.04271834485066358},"median_abs_dev":{"confidence_interval":{"confidence_level":0.95,"lower_bound":0.303036454646112,"upper_bound":0.5557062526658886},"point_estimate":0.3813360381834026,"standard_error":0.06584167079971151},"slope":{"confidence_interval":{"confidence_level":0.95,"lower_bound":97.46117989342618,"upper_bound":97.74226255661317},"point_estimate":97.59488461756197,"standard_error":0.07158693431098412},"std_dev":{"confidence_interval":{"confidence_level":0.95,"lower_bound":0.5771040992346794,"upper_bound":9.146395230877818},"point_estimate":5.381691214982941,"standard_error":2.94368036545544}}