{"mean":{"confidence_interval":{"confidence_level":0.95,"lower_bound":185.34915015350975,"upper_bound":188.8928762941433},"point_estimate":186.63022832438475,"standard_error":1.030317831060287},"median":{"confidence_interval":{"confidence_level":0.95,"lower_bound":184.96478247302383,"upper_bound":185.21927325299458},"point_estimate":185.09922519195464,"standard_error":0.07586322345691607},"median_abs_dev":{"confidence_interval":{"confidence_level":0.95,"lower_bound":0.3481688772627163,"upper_bound":0.6580364753186718},"point_estimate":0.5204662633142669,"standard_error":0.07742484549517677},"slope":{"confidence_interval":{"confidence_level":0.95,"lower_bound":185.32092686048964,"upper_bound":186.13463326558835},"point_estimate":185.7031936168809,"standard_error":0.2089783106582154},"std_dev":{"confidence_interval":{"confidence_level":0.95,"lower_bound":1.139937863838852,"upper_bound":17.660664658893104},"point_estimate":10.395435472759582,"standard_error":5.677099732014131}}