{"mean":{"confidence_interval":{"confidence_level":0.95,"lower_bound":205440.33323346748,"upper_bound":209564.60469963643},"point_estimate":206977.41292338606,"standard_error":1133.453993674981},"median":{"confidence_interval":{"confidence_level":0.95,"lower_bound":205086.25185185185,"upper_bound":205591.91174382716},"point_estimate":205314.54357142857,"standard_error":154.21701841379132},"median_abs_dev":{"confidence_interval":{"confidence_level":0.95,"lower_bound":838.5307665510003,"upper_bound":1319.8044451402147},"point_estimate":1067.4398259582351,"standard_error":118.78823099233676},"slope":{"confidence_interval":{"confidence_level":0.95,"lower_bound":205143.16038436908,"upper_bound":205854.60790268678},"point_estimate":205478.04123895374,"standard_error":181.5961591954958},"std_dev":{"confidence_interval":{"confidence_level":0.95,"lower_bound":1588.6579821805772,"upper_bound":19223.141739181716},"point_estimate":11436.60004649485,"standard_error":5700.093453212529}}