{"mean":{"confidence_interval":{"confidence_level":0.95,"lower_bound":423621.0632612546,"upper_bound":429759.4289625638},"point_estimate":425736.6587851813,"standard_error":1910.0267808969336},"median":{"confidence_interval":{"confidence_level":0.95,"lower_bound":423577.88,"upper_bound":423620.7142857143},"point_estimate":423599.95585933904,"standard_error":10.875099023966659},"median_abs_dev":{"confidence_interval":{"confidence_level":0.95,"lower_bound":72.21718121077463,"upper_bound":125.69116505486144},"point_estimate":100.56191193742525,"standard_error":13.792766974854697},"slope":{"confidence_interval":{"confidence_level":0.95,"lower_bound":423582.70189997304,"upper_bound":423634.0735663942},"point_estimate":423607.71072360966,"standard_error":13.110383242175546},"std_dev":{"confidence_interval":{"confidence_level":0.95,"lower_bound":141.5118691540811,"upper_bound":32856.39809765594},"point_estimate":19200.384569324902,"standard_error":11464.45806610881}}