{"mean":{"confidence_interval":{"confidence_level":0.95,"lower_bound":37806.61612847216,"upper_bound":38037.20081484137},"point_estimate":37904.42599325187,"standard_error":59.520713952824075},"median":{"confidence_interval":{"confidence_level":0.95,"lower_bound":37780.826743517915,"upper_bound":37817.50755857899},"point_estimate":37792.3439380456,"standard_error":8.865860887572866},"median_abs_dev":{"confidence_interval":{"confidence_level":0.95,"lower_bound":43.18167886178956,"upper_bound":67.54966208581654},"point_estimate":55.886198334424776,"standard_error":6.2606246815579825},"slope":{"confidence_interval":{"confidence_level":0.95,"lower_bound":37793.442472587674,"upper_bound":38021.79495936477},"point_estimate":37887.74115834469,"standard_error":58.595729785536086},"std_dev":{"confidence_interval":{"confidence_level":0.95,"lower_bound":82.35369101753459,"upper_bound":950.1057035148851},"point_estimate":599.7786488551749,"standard_error":214.04967498435423}}