{"mean":{"confidence_interval":{"confidence_level":0.95,"lower_bound":84.90107389067472,"upper_bound":86.69729356737353},"point_estimate":85.80494763511548,"standard_error":0.4581484035261752},"median":{"confidence_interval":{"confidence_level":0.95,"lower_bound":82.33921664760037,"upper_bound":89.66719635596236},"point_estimate":87.24574655606027,"standard_error":2.3274688512021684},"median_abs_dev":{"confidence_interval":{"confidence_level":0.95,"lower_bound":2.0887028241527577,"upper_bound":7.136022099104748},"point_estimate":5.667253547131819,"standard_error":1.4140076395110313},"slope":{"confidence_interval":{"confidence_level":0.95,"lower_bound":82.85590727500708,"upper_bound":85.31053094881875},"point_estimate":84.07249233341206,"standard_error":0.6276770006005921},"std_dev":{"confidence_interval":{"confidence_level":0.95,"lower_bound":4.363014909898923,"upper_bound":4.780900529927889},"point_estimate":4.602769656385201,"standard_error":0.10647851697885795}}