{"mean":{"confidence_interval":{"confidence_level":0.95,"lower_bound":65.83695843835186,"upper_bound":65.9303183926523},"point_estimate":65.88270125061158,"standard_error":0.02389253305815483},"median":{"confidence_interval":{"confidence_level":0.95,"lower_bound":65.73318041616433,"upper_bound":65.97594507259917},"point_estimate":65.93507768949497,"standard_error":0.07821634909683019},"median_abs_dev":{"confidence_interval":{"confidence_level":0.95,"lower_bound":0.185759494772266,"upper_bound":0.341746024453596},"point_estimate":0.29658484644274946,"standard_error":0.04004408678182305},"slope":{"confidence_interval":{"confidence_level":0.95,"lower_bound":65.7884567336493,"upper_bound":65.88167394833398},"point_estimate":65.83385703172314,"standard_error":0.023781501821395427},"std_dev":{"confidence_interval":{"confidence_level":0.95,"lower_bound":0.205985220488673,"upper_bound":0.2720193326805341},"point_estimate":0.24030401063781018,"standard_error":0.016896163081786195}}