{"mean":{"confidence_interval":{"confidence_level":0.95,"lower_bound":66.26201205744293,"upper_bound":66.44138927181183},"point_estimate":66.3398253115416,"standard_error":0.046271545340796694},"median":{"confidence_interval":{"confidence_level":0.95,"lower_bound":66.25411380188898,"upper_bound":66.32508964749053},"point_estimate":66.2873865915582,"standard_error":0.017486104254616844},"median_abs_dev":{"confidence_interval":{"confidence_level":0.95,"lower_bound":0.1211143469543984,"upper_bound":0.22883548383743457},"point_estimate":0.18296567549129722,"standard_error":0.027321843596142627},"slope":{"confidence_interval":{"confidence_level":0.95,"lower_bound":66.15348942299494,"upper_bound":66.23442416335764},"point_estimate":66.19137970064415,"standard_error":0.02065986741331777},"std_dev":{"confidence_interval":{"confidence_level":0.95,"lower_bound":0.21603539658606496,"upper_bound":0.7120842973952652},"point_estimate":0.4654963712380732,"standard_error":0.1451597447519982}}