{"mean":{"confidence_interval":{"confidence_level":0.95,"lower_bound":350.3169473172134,"upper_bound":352.1894327513669},"point_estimate":351.22055569228104,"standard_error":0.4768654911250885},"median":{"confidence_interval":{"confidence_level":0.95,"lower_bound":350.4094620580279,"upper_bound":351.4371636091305},"point_estimate":350.83629635367606,"standard_error":0.26802797108787424},"median_abs_dev":{"confidence_interval":{"confidence_level":0.95,"lower_bound":1.997779825961056,"upper_bound":3.0905071131834694},"point_estimate":2.6621417448628626,"standard_error":0.27386998138182106},"slope":{"confidence_interval":{"confidence_level":0.95,"lower_bound":349.5310092340201,"upper_bound":350.8034115347594},"point_estimate":350.17701340388646,"standard_error":0.32372695436800925},"std_dev":{"confidence_interval":{"confidence_level":0.95,"lower_bound":3.5309363962208606,"upper_bound":6.013385298901375},"point_estimate":4.810602873901704,"standard_error":0.6354450695145968}}