{"mean":{"confidence_interval":{"confidence_level":0.95,"lower_bound":1238.161588211948,"upper_bound":1253.4964460876188},"point_estimate":1244.9245825102996,"standard_error":3.9481558413025195},"median":{"confidence_interval":{"confidence_level":0.95,"lower_bound":1231.4721192986117,"upper_bound":1233.6241915422886},"point_estimate":1232.4053216273905,"standard_error":0.5625428223679907},"median_abs_dev":{"confidence_interval":{"confidence_level":0.95,"lower_bound":2.6633377414579513,"upper_bound":5.516959499288808},"point_estimate":3.819320499087343,"standard_error":0.7211797713715197},"slope":{"confidence_interval":{"confidence_level":0.95,"lower_bound":1231.894537131315,"upper_bound":1235.0010679417396},"point_estimate":1233.2325159006211,"standard_error":0.7946157620480113},"std_dev":{"confidence_interval":{"confidence_level":0.95,"lower_bound":17.01246384126078,"upper_bound":58.043653681210344},"point_estimate":39.54360356335848,"standard_error":10.702214912388245}}