{"mean":{"confidence_interval":{"confidence_level":0.95,"lower_bound":906.6425235224325,"upper_bound":910.1034493341634},"point_estimate":908.0862806704899,"standard_error":0.9017550708021316},"median":{"confidence_interval":{"confidence_level":0.95,"lower_bound":905.9407658977052,"upper_bound":906.5647977941177},"point_estimate":906.1908855161382,"standard_error":0.15613578412709758},"median_abs_dev":{"confidence_interval":{"confidence_level":0.95,"lower_bound":1.0513050858788962,"upper_bound":2.0420792049306886},"point_estimate":1.394336483978073,"standard_error":0.2535343490085197},"slope":{"confidence_interval":{"confidence_level":0.95,"lower_bound":905.5914482905455,"upper_bound":906.524838658551},"point_estimate":906.0297967890237,"standard_error":0.23853917774623962},"std_dev":{"confidence_interval":{"confidence_level":0.95,"lower_bound":2.4545530722333724,"upper_bound":14.307145143145533},"point_estimate":9.053949680326069,"standard_error":3.2698674948215425}}