{"mean":{"confidence_interval":{"confidence_level":0.95,"lower_bound":137.12803350397573,"upper_bound":137.52884865550254},"point_estimate":137.3065075551173,"standard_error":0.10303044420455511},"median":{"confidence_interval":{"confidence_level":0.95,"lower_bound":137.10425252475753,"upper_bound":137.17998479775054},"point_estimate":137.13571789410446,"standard_error":0.018265311660910347},"median_abs_dev":{"confidence_interval":{"confidence_level":0.95,"lower_bound":0.16537828189953738,"upper_bound":0.31719290930480115},"point_estimate":0.24415523871736777,"standard_error":0.039540712834851485},"slope":{"confidence_interval":{"confidence_level":0.95,"lower_bound":136.99176461799624,"upper_bound":137.1137108231592},"point_estimate":137.04944308575443,"standard_error":0.031097402700916967},"std_dev":{"confidence_interval":{"confidence_level":0.95,"lower_bound":0.46783844403528735,"upper_bound":1.5402780254257546},"point_estimate":1.0385965437423896,"standard_error":0.282572255438947}}