{"mean":{"confidence_interval":{"confidence_level":0.95,"lower_bound":134.12163684036378,"upper_bound":134.73730704019601},"point_estimate":134.42604279302824,"standard_error":0.1560752173459974},"median":{"confidence_interval":{"confidence_level":0.95,"lower_bound":134.51338658470684,"upper_bound":134.74912773281017},"point_estimate":134.6798529157054,"standard_error":0.053512843769796176},"median_abs_dev":{"confidence_interval":{"confidence_level":0.95,"lower_bound":0.3131980155629762,"upper_bound":0.4855398601592992},"point_estimate":0.40928851486822243,"standard_error":0.048059227534205},"slope":{"confidence_interval":{"confidence_level":0.95,"lower_bound":134.0343976195457,"upper_bound":134.45417501355732},"point_estimate":134.26278389966214,"standard_error":0.10697053752027653},"std_dev":{"confidence_interval":{"confidence_level":0.95,"lower_bound":1.1488943526632533,"upper_bound":1.9822204885768882},"point_estimate":1.571565053976264,"standard_error":0.21405003590422253}}