{"mean":{"confidence_interval":{"confidence_level":0.95,"lower_bound":212424.70256027338,"upper_bound":224804.89569462658},"point_estimate":216979.47167537047,"standard_error":3427.1287672593153},"median":{"confidence_interval":{"confidence_level":0.95,"lower_bound":210475.9794117647,"upper_bound":211736.3377641966},"point_estimate":210867.32047619048,"standard_error":303.7774021859169},"median_abs_dev":{"confidence_interval":{"confidence_level":0.95,"lower_bound":946.806593261516,"upper_bound":2603.452107493544},"point_estimate":1509.6092511788795,"standard_error":391.738516151511},"slope":{"confidence_interval":{"confidence_level":0.95,"lower_bound":210818.11135086318,"upper_bound":215661.64786255627},"point_estimate":212572.99960928032,"standard_error":1323.0732689410943},"std_dev":{"confidence_interval":{"confidence_level":0.95,"lower_bound":4302.123801027681,"upper_bound":57820.51420046992},"point_estimate":34331.52493574045,"standard_error":17453.607408615768}}