{"mean":{"confidence_interval":{"confidence_level":0.95,"lower_bound":128423.23599300334,"upper_bound":128896.88749372246},"point_estimate":128632.78106467052,"standard_error":121.84857594361996},"median":{"confidence_interval":{"confidence_level":0.95,"lower_bound":128342.35739436619,"upper_bound":128436.12132352941},"point_estimate":128390.93674670433,"standard_error":26.064745744598895},"median_abs_dev":{"confidence_interval":{"confidence_level":0.95,"lower_bound":165.4008739828914,"upper_bound":335.4724552741607},"point_estimate":243.1111469920496,"standard_error":44.23699028012729},"slope":{"confidence_interval":{"confidence_level":0.95,"lower_bound":128228.55123501731,"upper_bound":128391.52929061286},"point_estimate":128304.17568124723,"standard_error":41.50998117880322},"std_dev":{"confidence_interval":{"confidence_level":0.95,"lower_bound":401.14828454677865,"upper_bound":1769.941497618436},"point_estimate":1223.5151392019022,"standard_error":329.7390605607058}}