{"mean":{"confidence_interval":{"confidence_level":0.95,"lower_bound":771.5943075149904,"upper_bound":785.2727341482979},"point_estimate":776.5773361419671,"standard_error":3.9422639610308416},"median":{"confidence_interval":{"confidence_level":0.95,"lower_bound":770.0574734696324,"upper_bound":772.6263036781354},"point_estimate":771.823399543938,"standard_error":0.596112261960995},"median_abs_dev":{"confidence_interval":{"confidence_level":0.95,"lower_bound":3.162770164426306,"upper_bound":4.945068521887574},"point_estimate":3.8483279458567137,"standard_error":0.4627143684370959},"slope":{"confidence_interval":{"confidence_level":0.95,"lower_bound":771.109945219505,"upper_bound":774.3141081350064},"point_estimate":772.6327923865082,"standard_error":0.8185333361988855},"std_dev":{"confidence_interval":{"confidence_level":0.95,"lower_bound":5.202150590232826,"upper_bound":67.3299703547171},"point_estimate":39.69800813649908,"standard_error":21.34432615702748}}