{"mean":{"confidence_interval":{"confidence_level":0.95,"lower_bound":304082.4859388802,"upper_bound":312816.17277629767},"point_estimate":307190.37415973307,"standard_error":2605.0192621007673},"median":{"confidence_interval":{"confidence_level":0.95,"lower_bound":302880.83461538464,"upper_bound":303351.4347826087},"point_estimate":303121.7346579477,"standard_error":121.40349122302302},"median_abs_dev":{"confidence_interval":{"confidence_level":0.95,"lower_bound":715.5291647425307,"upper_bound":1458.0997990271976},"point_estimate":1050.701990116111,"standard_error":188.8253432623292},"slope":{"confidence_interval":{"confidence_level":0.95,"lower_bound":303817.89951857354,"upper_bound":305506.27353341563},"point_estimate":304614.542890498,"standard_error":429.9420457443586},"std_dev":{"confidence_interval":{"confidence_level":0.95,"lower_bound":2828.9816224248884,"upper_bound":44456.77387773162},"point_estimate":26076.25553936188,"standard_error":14728.783994244215}}