{"mean":{"confidence_interval":{"confidence_level":0.95,"lower_bound":304454.9408951485,"upper_bound":310840.3939794928},"point_estimate":306812.6748831974,"standard_error":1793.0118292571535},"median":{"confidence_interval":{"confidence_level":0.95,"lower_bound":303028.7315732759,"upper_bound":303773.66847826086},"point_estimate":303256.7368919137,"standard_error":176.51351931876476},"median_abs_dev":{"confidence_interval":{"confidence_level":0.95,"lower_bound":809.590205765514,"upper_bound":1919.3200969530667},"point_estimate":1109.451990034418,"standard_error":298.996593321186},"slope":{"confidence_interval":{"confidence_level":0.95,"lower_bound":304012.72165536054,"upper_bound":305846.5192632534},"point_estimate":304884.6214718487,"standard_error":470.43078083569765},"std_dev":{"confidence_interval":{"confidence_level":0.95,"lower_bound":3173.5517454921655,"upper_bound":30381.055865249135},"point_estimate":18013.51315059276,"standard_error":9333.183303763753}}