{"mean":{"confidence_interval":{"confidence_level":0.95,"lower_bound":2395.8236711323684,"upper_bound":2409.7932113064107},"point_estimate":2402.211545764814,"standard_error":3.5883414235466917},"median":{"confidence_interval":{"confidence_level":0.95,"lower_bound":2386.2703612523933,"upper_bound":2396.1197931487595},"point_estimate":2391.62324975578,"standard_error":2.5251950037325464},"median_abs_dev":{"confidence_interval":{"confidence_level":0.95,"lower_bound":7.321618937304348,"upper_bound":18.566796822306543},"point_estimate":13.39384388751264,"standard_error":2.850477412587124},"slope":{"confidence_interval":{"confidence_level":0.95,"lower_bound":2389.138307434993,"upper_bound":2398.5004420595033},"point_estimate":2393.1996591751963,"standard_error":2.399706072732297},"std_dev":{"confidence_interval":{"confidence_level":0.95,"lower_bound":19.94124653223067,"upper_bound":49.024703033554616},"point_estimate":36.04803579544376,"standard_error":7.4045038862702555}}