{"mean":{"confidence_interval":{"confidence_level":0.95,"lower_bound":20241.85246465274,"upper_bound":20342.571814571485},"point_estimate":20292.70177808038,"standard_error":25.718819558106823},"median":{"confidence_interval":{"confidence_level":0.95,"lower_bound":20361.497448979593,"upper_bound":20376.472688120848},"point_estimate":20369.266180758015,"standard_error":4.582168722296901},"median_abs_dev":{"confidence_interval":{"confidence_level":0.95,"lower_bound":26.457731151900937,"upper_bound":71.1285261861953},"point_estimate":37.72461641940918,"standard_error":11.91467131680063},"slope":{"confidence_interval":{"confidence_level":0.95,"lower_bound":20047.036237073982,"upper_bound":20202.568689933712},"point_estimate":20119.902323762075,"standard_error":39.826356323191156},"std_dev":{"confidence_interval":{"confidence_level":0.95,"lower_bound":214.58198700774687,"upper_bound":296.63851519244633},"point_estimate":258.89163280501157,"standard_error":20.83471303797748}}