{"mean":{"confidence_interval":{"confidence_level":0.95,"lower_bound":41745.518248829445,"upper_bound":41938.79759741708},"point_estimate":41829.68450755067,"standard_error":49.82990312522997},"median":{"confidence_interval":{"confidence_level":0.95,"lower_bound":41702.02220618207,"upper_bound":41731.15454014939},"point_estimate":41716.65231481481,"standard_error":7.518288937378234},"median_abs_dev":{"confidence_interval":{"confidence_level":0.95,"lower_bound":63.84086406184004,"upper_bound":117.43429491476466},"point_estimate":87.23928939245224,"standard_error":13.845617975506483},"slope":{"confidence_interval":{"confidence_level":0.95,"lower_bound":41682.602148969134,"upper_bound":41948.14972931668},"point_estimate":41775.78983202798,"standard_error":74.18913911534925},"std_dev":{"confidence_interval":{"confidence_level":0.95,"lower_bound":163.43837050304595,"upper_bound":746.0446127140701},"point_estimate":500.59295738606,"standard_error":146.92556737652004}}