{"mean":{"confidence_interval":{"confidence_level":0.95,"lower_bound":451.23577863065856,"upper_bound":460.4140264491898},"point_estimate":454.64350427433124,"standard_error":2.534148943726968},"median":{"confidence_interval":{"confidence_level":0.95,"lower_bound":450.23572312319175,"upper_bound":451.092701103987},"point_estimate":450.6401367801575,"standard_error":0.23212956446643862},"median_abs_dev":{"confidence_interval":{"confidence_level":0.95,"lower_bound":1.1006158529767667,"upper_bound":1.8997457509958262},"point_estimate":1.3107321213371912,"standard_error":0.2002939259939203},"slope":{"confidence_interval":{"confidence_level":0.95,"lower_bound":451.25497857130216,"upper_bound":453.2560942195615},"point_estimate":452.17379619323964,"standard_error":0.5095748273873286},"std_dev":{"confidence_interval":{"confidence_level":0.95,"lower_bound":3.0935931846161053,"upper_bound":42.95830017686366},"point_estimate":25.528150786486687,"standard_error":12.911072364570547}}