{"mean":{"confidence_interval":{"confidence_level":0.95,"lower_bound":7986.62937039061,"upper_bound":8005.7239214451165},"point_estimate":7994.719830861786,"standard_error":4.959460402748889},"median":{"confidence_interval":{"confidence_level":0.95,"lower_bound":7982.613110008271,"upper_bound":7988.821284562212},"point_estimate":7984.6501512096775,"standard_error":1.79085301761829},"median_abs_dev":{"confidence_interval":{"confidence_level":0.95,"lower_bound":8.545208164706676,"upper_bound":14.672863263503729},"point_estimate":11.173621787450768,"standard_error":1.5980998221208151},"slope":{"confidence_interval":{"confidence_level":0.95,"lower_bound":7983.189087798446,"upper_bound":7989.497428337205},"point_estimate":7986.308332920196,"standard_error":1.606603623831793},"std_dev":{"confidence_interval":{"confidence_level":0.95,"lower_bound":15.749207495370532,"upper_bound":78.04861815987256},"point_estimate":49.876716181961505,"standard_error":17.088992103033235}}