{"mean":{"confidence_interval":{"confidence_level":0.95,"lower_bound":9457.25730562443,"upper_bound":9469.961410740703},"point_estimate":9462.87796410014,"standard_error":3.2700086536590405},"median":{"confidence_interval":{"confidence_level":0.95,"lower_bound":9451.249935300206,"upper_bound":9455.793605442177},"point_estimate":9452.44925970388,"standard_error":1.3609519011260194},"median_abs_dev":{"confidence_interval":{"confidence_level":0.95,"lower_bound":6.223669841838047,"upper_bound":13.635584669789209},"point_estimate":9.487571932403156,"standard_error":1.9765619140950803},"slope":{"confidence_interval":{"confidence_level":0.95,"lower_bound":9452.124309813493,"upper_bound":9457.17891670741},"point_estimate":9454.45330850697,"standard_error":1.2942003743434844},"std_dev":{"confidence_interval":{"confidence_level":0.95,"lower_bound":15.61326136650982,"upper_bound":48.85045953359297},"point_estimate":32.768783617862404,"standard_error":8.870376055063748}}