{"mean":{"confidence_interval":{"confidence_level":0.95,"lower_bound":32136.153995470126,"upper_bound":32944.18559567737},"point_estimate":32435.399120694674,"standard_error":224.22178047160935},"median":{"confidence_interval":{"confidence_level":0.95,"lower_bound":31923.64612135177,"upper_bound":31950.93330645161},"point_estimate":31934.071402435453,"standard_error":13.286650339195226},"median_abs_dev":{"confidence_interval":{"confidence_level":0.95,"lower_bound":69.38370731697815,"upper_bound":231.42771975013113},"point_estimate":160.8193723106442,"standard_error":37.10339665135994},"slope":{"confidence_interval":{"confidence_level":0.95,"lower_bound":32039.18787347206,"upper_bound":32287.947022368397},"point_estimate":32156.713132802928,"standard_error":63.33541180119388},"std_dev":{"confidence_interval":{"confidence_level":0.95,"lower_bound":462.2568943295084,"upper_bound":3787.768197077278},"point_estimate":2252.100124963049,"standard_error":1147.822148629068}}