{"mean":{"confidence_interval":{"confidence_level":0.95,"lower_bound":145462.4371864639,"upper_bound":146078.71018388745},"point_estimate":145723.51401773273,"standard_error":159.36768583982226},"median":{"confidence_interval":{"confidence_level":0.95,"lower_bound":145315.21507064364,"upper_bound":145425.4},"point_estimate":145354.51647583547,"standard_error":28.025636320164637},"median_abs_dev":{"confidence_interval":{"confidence_level":0.95,"lower_bound":188.73268208404966,"upper_bound":329.02614566059606},"point_estimate":242.13593320124122,"standard_error":36.47450113625409},"slope":{"confidence_interval":{"confidence_level":0.95,"lower_bound":145323.21363707297,"upper_bound":146172.8972003371},"point_estimate":145603.41517828117,"standard_error":241.68112299619452},"std_dev":{"confidence_interval":{"confidence_level":0.95,"lower_bound":435.4574694419084,"upper_bound":2463.126555184213},"point_estimate":1599.6889247281838,"standard_error":533.1176012331036}}