{"mean":{"confidence_interval":{"confidence_level":0.95,"lower_bound":34047.93244094009,"upper_bound":34375.004730172855},"point_estimate":34175.72998326113,"standard_error":86.74360369016154},"median":{"confidence_interval":{"confidence_level":0.95,"lower_bound":33994.82569176011,"upper_bound":34081.91724137931},"point_estimate":34027.33569626337,"standard_error":21.609446426419044},"median_abs_dev":{"confidence_interval":{"confidence_level":0.95,"lower_bound":117.5103856332808,"upper_bound":207.46683140685295},"point_estimate":148.57743220946017,"standard_error":22.851870679910103},"slope":{"confidence_interval":{"confidence_level":0.95,"lower_bound":34010.658404322465,"upper_bound":34817.62752354398},"point_estimate":34311.93947279648,"standard_error":221.6992901706889},"std_dev":{"confidence_interval":{"confidence_level":0.95,"lower_bound":213.15936504901475,"upper_bound":1438.9510111311563},"point_estimate":873.814978343817,"standard_error":387.7020707250114}}