{"mean":{"confidence_interval":{"confidence_level":0.95,"lower_bound":6984.031784660822,"upper_bound":7198.469928715557},"point_estimate":7061.709743114231,"standard_error":62.244945393664906},"median":{"confidence_interval":{"confidence_level":0.95,"lower_bound":6981.533098591549,"upper_bound":6986.661049448867},"point_estimate":6983.7568745808185,"standard_error":1.6475151359588265},"median_abs_dev":{"confidence_interval":{"confidence_level":0.95,"lower_bound":19.61840454609859,"upper_bound":95.63397504928858},"point_estimate":50.271080960164504,"standard_error":20.984928067973346},"slope":{"confidence_interval":{"confidence_level":0.95,"lower_bound":6966.475428448803,"upper_bound":6985.301482716985},"point_estimate":6975.552615946901,"standard_error":4.785739986366442},"std_dev":{"confidence_interval":{"confidence_level":0.95,"lower_bound":81.23537038182468,"upper_bound":1059.9541255824583},"point_estimate":624.170792441469,"standard_error":340.0775399965312}}