{"mean":{"confidence_interval":{"confidence_level":0.95,"lower_bound":1261768.6315298367,"upper_bound":1285910.2034385384},"point_estimate":1270222.4335263486,"standard_error":7357.142999532188},"median":{"confidence_interval":{"confidence_level":0.95,"lower_bound":1261354.9980842914,"upper_bound":1261847.7686170214},"point_estimate":1261549.8,"standard_error":123.46166083764089},"median_abs_dev":{"confidence_interval":{"confidence_level":0.95,"lower_bound":750.100486494759,"upper_bound":1153.1310549333657},"point_estimate":936.5811644145905,"standard_error":104.00669560320517},"slope":{"confidence_interval":{"confidence_level":0.95,"lower_bound":1261192.0918604315,"upper_bound":1265000.6592744472},"point_estimate":1262662.4716033693,"standard_error":1020.7450699933395},"std_dev":{"confidence_interval":{"confidence_level":0.95,"lower_bound":2043.5287848197295,"upper_bound":126575.6658229657},"point_estimate":74078.57538969333,"standard_error":43152.18055537021}}