{"mean":{"confidence_interval":{"confidence_level":0.95,"lower_bound":1029.344760428185,"upper_bound":1058.7808699861876},"point_estimate":1040.183650949607,"standard_error":8.236018532757342},"median":{"confidence_interval":{"confidence_level":0.95,"lower_bound":1021.7373277484369,"upper_bound":1023.6441939038572},"point_estimate":1022.2350002866643,"standard_error":0.4684613336050669},"median_abs_dev":{"confidence_interval":{"confidence_level":0.95,"lower_bound":2.917351937017417,"upper_bound":6.17152449925283},"point_estimate":4.109027926822333,"standard_error":0.8553200991387563},"slope":{"confidence_interval":{"confidence_level":0.95,"lower_bound":1025.8611015672925,"upper_bound":1035.0454899038937},"point_estimate":1030.1924623823224,"standard_error":2.35242838505344},"std_dev":{"confidence_interval":{"confidence_level":0.95,"lower_bound":16.12865939883576,"upper_bound":138.95137911920608},"point_estimate":82.47001842324278,"standard_error":42.58269627320813}}