{"mean":{"confidence_interval":{"confidence_level":0.95,"lower_bound":24432.015480808404,"upper_bound":24532.067530783122},"point_estimate":24474.27809640125,"standard_error":25.872249315588608},"median":{"confidence_interval":{"confidence_level":0.95,"lower_bound":24410.871456822675,"upper_bound":24434.484959349593},"point_estimate":24424.025828021062,"standard_error":6.106224650919393},"median_abs_dev":{"confidence_interval":{"confidence_level":0.95,"lower_bound":34.805699860703506,"upper_bound":64.02532286707611},"point_estimate":46.58609312235938,"standard_error":7.518001462646388},"slope":{"confidence_interval":{"confidence_level":0.95,"lower_bound":24399.78905502203,"upper_bound":24425.357588668456},"point_estimate":24411.581594610863,"standard_error":6.528857727895737},"std_dev":{"confidence_interval":{"confidence_level":0.95,"lower_bound":77.14347477897927,"upper_bound":407.8278250332924},"point_estimate":259.8429517648049,"standard_error":90.17473002672482}}