{"mean":{"confidence_interval":{"confidence_level":0.95,"lower_bound":416098.0174040927,"upper_bound":423331.3316033831},"point_estimate":418777.29749004205,"standard_error":1956.0611391710443},"median":{"confidence_interval":{"confidence_level":0.95,"lower_bound":413959.6941580756,"upper_bound":415025.30467701744},"point_estimate":414307.5601346645,"standard_error":306.3756296342862},"median_abs_dev":{"confidence_interval":{"confidence_level":0.95,"lower_bound":1135.4172388167312,"upper_bound":2673.8302465951283},"point_estimate":1577.5029611881348,"standard_error":406.81549116726376},"slope":{"confidence_interval":{"confidence_level":0.95,"lower_bound":415160.13112985395,"upper_bound":417575.7591363421},"point_estimate":416297.72973055515,"standard_error":619.0611703483205},"std_dev":{"confidence_interval":{"confidence_level":0.95,"lower_bound":4613.049060650456,"upper_bound":32776.81631158917},"point_estimate":19603.99656556359,"standard_error":9660.891195758659}}