{"mean":{"confidence_interval":{"confidence_level":0.95,"lower_bound":15480.861147120993,"upper_bound":15789.514272900706},"point_estimate":15594.164458663636,"standard_error":87.26115603565648},"median":{"confidence_interval":{"confidence_level":0.95,"lower_bound":15447.6552734375,"upper_bound":15457.149646330681},"point_estimate":15452.426565791784,"standard_error":2.6705309571520712},"median_abs_dev":{"confidence_interval":{"confidence_level":0.95,"lower_bound":12.8830621731222,"upper_bound":22.50252767742356},"point_estimate":17.13890173902744,"standard_error":2.3211297601487595},"slope":{"confidence_interval":{"confidence_level":0.95,"lower_bound":15469.004498845314,"upper_bound":15528.149934709787},"point_estimate":15496.48568023127,"standard_error":15.118957125085752},"std_dev":{"confidence_interval":{"confidence_level":0.95,"lower_bound":118.50637020940917,"upper_bound":1486.8667959924633},"point_estimate":879.8734425166565,"standard_error":461.77985691584985}}