{"mean":{"confidence_interval":{"confidence_level":0.95,"lower_bound":208073.59752683554,"upper_bound":212433.65230186057},"point_estimate":209756.25117944385,"standard_error":1157.4032016913823},"median":{"confidence_interval":{"confidence_level":0.95,"lower_bound":207335.37894736842,"upper_bound":207910.85479452054},"point_estimate":207656.53490118578,"standard_error":160.18360334309412},"median_abs_dev":{"confidence_interval":{"confidence_level":0.95,"lower_bound":853.8647679589446,"upper_bound":1570.133104091588},"point_estimate":1214.8004485908714,"standard_error":183.09267721251908},"slope":{"confidence_interval":{"confidence_level":0.95,"lower_bound":207533.89068198614,"upper_bound":208409.02188757315},"point_estimate":207943.79529185753,"standard_error":224.2525394793477},"std_dev":{"confidence_interval":{"confidence_level":0.95,"lower_bound":1799.2067278182508,"upper_bound":19217.84660766545},"point_estimate":11617.959104698672,"standard_error":5232.489686402349}}