{"mean":{"confidence_interval":{"confidence_level":0.95,"lower_bound":82.59977412020997,"upper_bound":84.07929125639116},"point_estimate":83.13965014765263,"standard_error":0.42456722415652676},"median":{"confidence_interval":{"confidence_level":0.95,"lower_bound":82.45064624909892,"upper_bound":82.63419891164457},"point_estimate":82.5254724000842,"standard_error":0.04228662252777323},"median_abs_dev":{"confidence_interval":{"confidence_level":0.95,"lower_bound":0.31051330880704353,"upper_bound":0.636695245610666},"point_estimate":0.45537750690925344,"standard_error":0.08407188487781479},"slope":{"confidence_interval":{"confidence_level":0.95,"lower_bound":82.34552131024228,"upper_bound":82.81296779158146},"point_estimate":82.53422995856295,"standard_error":0.12200702824836808},"std_dev":{"confidence_interval":{"confidence_level":0.95,"lower_bound":0.5646827541855719,"upper_bound":7.242646470735337},"point_estimate":4.275636256189712,"standard_error":2.2877102977659085}}