{"mean":{"confidence_interval":{"confidence_level":0.95,"lower_bound":141713.1111985686,"upper_bound":142204.52802122114},"point_estimate":141920.426949899,"standard_error":127.16515935113924},"median":{"confidence_interval":{"confidence_level":0.95,"lower_bound":141624.54044117645,"upper_bound":141720.90125276346},"point_estimate":141675.83781918563,"standard_error":27.93805265169211},"median_abs_dev":{"confidence_interval":{"confidence_level":0.95,"lower_bound":182.75909603074123,"upper_bound":407.91860762729607},"point_estimate":276.5197817043657,"standard_error":57.533932071286145},"slope":{"confidence_interval":{"confidence_level":0.95,"lower_bound":141557.87423178038,"upper_bound":141711.66642345264},"point_estimate":141632.01146910427,"standard_error":39.240712128705034},"std_dev":{"confidence_interval":{"confidence_level":0.95,"lower_bound":405.56908123363456,"upper_bound":2005.5109952144483},"point_estimate":1278.9574383740437,"standard_error":442.51390320070675}}