{"mean":{"confidence_interval":{"confidence_level":0.95,"lower_bound":389949.1138331927,"upper_bound":391256.9692479307},"point_estimate":390487.449810491,"standard_error":340.8454778424505},"median":{"confidence_interval":{"confidence_level":0.95,"lower_bound":389655.2735042735,"upper_bound":389922.94666666666},"point_estimate":389772.47039473685,"standard_error":71.57410308470254},"median_abs_dev":{"confidence_interval":{"confidence_level":0.95,"lower_bound":533.5809663012027,"upper_bound":1097.6888121263974},"point_estimate":802.3607632718254,"standard_error":151.46061731290317},"slope":{"confidence_interval":{"confidence_level":0.95,"lower_bound":389354.8227596951,"upper_bound":389751.897413354},"point_estimate":389541.09032461455,"standard_error":101.28985788992415},"std_dev":{"confidence_interval":{"confidence_level":0.95,"lower_bound":1253.4825960749856,"upper_bound":5473.94050630975},"point_estimate":3437.992468951979,"standard_error":1300.2664148481474}}