{"mean":{"confidence_interval":{"confidence_level":0.95,"lower_bound":389851.5170427447,"upper_bound":391357.23489941854},"point_estimate":390491.7116648507,"standard_error":389.7594393314363},"median":{"confidence_interval":{"confidence_level":0.95,"lower_bound":389380.8839506173,"upper_bound":389704.75268817204},"point_estimate":389579.4492046906,"standard_error":92.99239244282323},"median_abs_dev":{"confidence_interval":{"confidence_level":0.95,"lower_bound":460.97543839137256,"upper_bound":916.2655498975103},"point_estimate":671.6372294164911,"standard_error":119.73201491864218},"slope":{"confidence_interval":{"confidence_level":0.95,"lower_bound":389393.983682527,"upper_bound":389791.2162738942},"point_estimate":389579.6049810354,"standard_error":101.47463633123975},"std_dev":{"confidence_interval":{"confidence_level":0.95,"lower_bound":1108.890472380475,"upper_bound":6169.665422009029},"point_estimate":3942.821421127451,"standard_error":1363.7038056053202}}