{"mean":{"confidence_interval":{"confidence_level":0.95,"lower_bound":2705.1398239835985,"upper_bound":2711.3943003964064},"point_estimate":2707.800967307974,"standard_error":1.6125984869113774},"median":{"confidence_interval":{"confidence_level":0.95,"lower_bound":2702.6615875017515,"upper_bound":2704.4939890710384},"point_estimate":2703.651267855431,"standard_error":0.41735915178552163},"median_abs_dev":{"confidence_interval":{"confidence_level":0.95,"lower_bound":3.1764132371092773,"upper_bound":5.83965548588734},"point_estimate":4.608253583817468,"standard_error":0.695154166596356},"slope":{"confidence_interval":{"confidence_level":0.95,"lower_bound":2702.9198032603767,"upper_bound":2705.1631298746015},"point_estimate":2703.9635517591396,"standard_error":0.5737060145525174},"std_dev":{"confidence_interval":{"confidence_level":0.95,"lower_bound":6.9968199570919705,"upper_bound":25.009042857558914},"point_estimate":16.1732547372632,"standard_error":5.330631891331773}}