{"mean":{"confidence_interval":{"confidence_level":0.95,"lower_bound":498.1679166408606,"upper_bound":499.94443480046937},"point_estimate":498.93633469959735,"standard_error":0.4574752002795275},"median":{"confidence_interval":{"confidence_level":0.95,"lower_bound":497.499984025457,"upper_bound":498.3277332501342},"point_estimate":497.78883902279995,"standard_error":0.21390088731720175},"median_abs_dev":{"confidence_interval":{"confidence_level":0.95,"lower_bound":1.0149328185009725,"upper_bound":1.6846708295560473},"point_estimate":1.2621331635061601,"standard_error":0.16563068359859964},"slope":{"confidence_interval":{"confidence_level":0.95,"lower_bound":497.2213799066393,"upper_bound":497.7007258473549},"point_estimate":497.43886629049564,"standard_error":0.12238864425464323},"std_dev":{"confidence_interval":{"confidence_level":0.95,"lower_bound":1.8612674742730417,"upper_bound":7.011420443130037},"point_estimate":4.602446784220966,"standard_error":1.3810872178802305}}