{"mean":{"confidence_interval":{"confidence_level":0.95,"lower_bound":42489.87897634089,"upper_bound":42617.29404090309},"point_estimate":42545.077212265795,"standard_error":32.92425866112087},"median":{"confidence_interval":{"confidence_level":0.95,"lower_bound":42450.26438172043,"upper_bound":42497.460820895525},"point_estimate":42463.11479066575,"standard_error":11.521255885898755},"median_abs_dev":{"confidence_interval":{"confidence_level":0.95,"lower_bound":70.10829853032295,"upper_bound":126.12950341808158},"point_estimate":91.66904405436377,"standard_error":14.776651308047285},"slope":{"confidence_interval":{"confidence_level":0.95,"lower_bound":42430.31858325201,"upper_bound":42472.6988496442},"point_estimate":42450.16277794197,"standard_error":10.809292595287909},"std_dev":{"confidence_interval":{"confidence_level":0.95,"lower_bound":119.19280475520719,"upper_bound":494.7042092873408},"point_estimate":330.0864710254767,"standard_error":96.4576253275191}}