{"mean":{"confidence_interval":{"confidence_level":0.95,"lower_bound":1046.463575877773,"upper_bound":1068.3659876086303},"point_estimate":1054.7893166966473,"standard_error":6.015302392002413},"median":{"confidence_interval":{"confidence_level":0.95,"lower_bound":1039.8508438818565,"upper_bound":1042.091257589791},"point_estimate":1040.7291334291972,"standard_error":0.5893716328420917},"median_abs_dev":{"confidence_interval":{"confidence_level":0.95,"lower_bound":2.3856893954121583,"upper_bound":5.772547830006221},"point_estimate":3.562828928361878,"standard_error":0.8611367577221242},"slope":{"confidence_interval":{"confidence_level":0.95,"lower_bound":1044.211417488984,"upper_bound":1051.6337782666706},"point_estimate":1047.7168989118825,"standard_error":1.8971462167733257},"std_dev":{"confidence_interval":{"confidence_level":0.95,"lower_bound":14.114960493299817,"upper_bound":101.04759715039756},"point_estimate":60.51280259627838,"standard_error":29.59151606687951}}