{"mean":{"confidence_interval":{"confidence_level":0.95,"lower_bound":1435.4318551742465,"upper_bound":1437.061268166241},"point_estimate":1436.157289108295,"standard_error":0.41758644035402226},"median":{"confidence_interval":{"confidence_level":0.95,"lower_bound":1434.7907506920697,"upper_bound":1435.523740510697},"point_estimate":1435.123497869105,"standard_error":0.17423004192014138},"median_abs_dev":{"confidence_interval":{"confidence_level":0.95,"lower_bound":0.9856354394183856,"upper_bound":1.6779872973320793},"point_estimate":1.3473902623836644,"standard_error":0.18964012715074668},"slope":{"confidence_interval":{"confidence_level":0.95,"lower_bound":1434.9518024593815,"upper_bound":1435.4745556579596},"point_estimate":1435.1940806942473,"standard_error":0.1339354763786448},"std_dev":{"confidence_interval":{"confidence_level":0.95,"lower_bound":1.9802728689925708,"upper_bound":5.967310255234831},"point_estimate":4.189989338467052,"standard_error":1.026664158396691}}