{"mean":{"confidence_interval":{"confidence_level":0.95,"lower_bound":1452.8366590003632,"upper_bound":1453.9813111750132},"point_estimate":1453.3699068856117,"standard_error":0.29267452230708585},"median":{"confidence_interval":{"confidence_level":0.95,"lower_bound":1452.4654156851018,"upper_bound":1453.231388588774},"point_estimate":1452.8306196197143,"standard_error":0.19232062759487184},"median_abs_dev":{"confidence_interval":{"confidence_level":0.95,"lower_bound":0.9734762658023083,"upper_bound":1.6484667018931873},"point_estimate":1.3929459979974328,"standard_error":0.17512047712332873},"slope":{"confidence_interval":{"confidence_level":0.95,"lower_bound":1452.526413379556,"upper_bound":1453.0623536928367},"point_estimate":1452.7895469864752,"standard_error":0.1364658150281851},"std_dev":{"confidence_interval":{"confidence_level":0.95,"lower_bound":1.797281082220881,"upper_bound":3.8972435932889824},"point_estimate":2.95239022241422,"standard_error":0.5283627006223166}}