{"mean":{"confidence_interval":{"confidence_level":0.95,"lower_bound":42519.3086488256,"upper_bound":43290.8789025939},"point_estimate":42796.67668193907,"standard_error":226.20754721125763},"median":{"confidence_interval":{"confidence_level":0.95,"lower_bound":42458.73051282051,"upper_bound":42490.28273809524},"point_estimate":42473.0255219003,"standard_error":8.587915839846186},"median_abs_dev":{"confidence_interval":{"confidence_level":0.95,"lower_bound":43.73421079232399,"upper_bound":86.27950542360111},"point_estimate":62.164499448533114,"standard_error":11.355210248423077},"slope":{"confidence_interval":{"confidence_level":0.95,"lower_bound":42525.98771736277,"upper_bound":42685.009170727615},"point_estimate":42599.73562595439,"standard_error":40.745645094933614},"std_dev":{"confidence_interval":{"confidence_level":0.95,"lower_bound":231.92818093724674,"upper_bound":3861.4192157209654},"point_estimate":2270.6034054595166,"standard_error":1257.3103793408086}}