{"mean":{"confidence_interval":{"confidence_level":0.95,"lower_bound":1388.5824272871732,"upper_bound":1392.3842382898974},"point_estimate":1390.2201225128856,"standard_error":0.9791974241046636},"median":{"confidence_interval":{"confidence_level":0.95,"lower_bound":1387.851385995994,"upper_bound":1388.9069264069265},"point_estimate":1388.2782583303592,"standard_error":0.26031712692891495},"median_abs_dev":{"confidence_interval":{"confidence_level":0.95,"lower_bound":1.695272689425538,"upper_bound":3.247027390649447},"point_estimate":2.1982775426322387,"standard_error":0.3854458587782582},"slope":{"confidence_interval":{"confidence_level":0.95,"lower_bound":1387.037297679152,"upper_bound":1388.2963259226208},"point_estimate":1387.6240662814557,"standard_error":0.32202922009761925},"std_dev":{"confidence_interval":{"confidence_level":0.95,"lower_bound":3.8977142097570923,"upper_bound":15.032954035808537},"point_estimate":9.833547557146167,"standard_error":2.967837484827882}}