{"mean":{"confidence_interval":{"confidence_level":0.95,"lower_bound":87.5022954491288,"upper_bound":89.1258257525874},"point_estimate":88.08235782931165,"standard_error":0.47477725708315793},"median":{"confidence_interval":{"confidence_level":0.95,"lower_bound":87.40355350233665,"upper_bound":87.5111593780841},"point_estimate":87.45809902711753,"standard_error":0.026801505519160555},"median_abs_dev":{"confidence_interval":{"confidence_level":0.95,"lower_bound":0.16405233984283243,"upper_bound":0.2812839700238375},"point_estimate":0.21686863502117645,"standard_error":0.030083675532768594},"slope":{"confidence_interval":{"confidence_level":0.95,"lower_bound":87.4336779696172,"upper_bound":87.74682459944344},"point_estimate":87.57948089475498,"standard_error":0.08004375670410467},"std_dev":{"confidence_interval":{"confidence_level":0.95,"lower_bound":0.4690130066770239,"upper_bound":8.103563007940497},"point_estimate":4.763050680432514,"standard_error":2.63720160583012}}