{"mean":{"confidence_interval":{"confidence_level":0.95,"lower_bound":1265111.256022283,"upper_bound":1286073.8436062457},"point_estimate":1272936.1523649264,"standard_error":5815.691209226464},"median":{"confidence_interval":{"confidence_level":0.95,"lower_bound":1260866.1909539474,"upper_bound":1261443.513888889},"point_estimate":1261081.4136904762,"standard_error":145.5686564368738},"median_abs_dev":{"confidence_interval":{"confidence_level":0.95,"lower_bound":979.1337326168439,"upper_bound":2570.270174953978},"point_estimate":1639.4927823900655,"standard_error":447.24500627767054},"slope":{"confidence_interval":{"confidence_level":0.95,"lower_bound":1262653.483261824,"upper_bound":1268754.008323158},"point_estimate":1265469.2613920497,"standard_error":1562.6691706398065},"std_dev":{"confidence_interval":{"confidence_level":0.95,"lower_bound":11539.982890321942,"upper_bound":97938.42812310324},"point_estimate":58345.16103389408,"standard_error":29423.140964684644}}