{"mean":{"confidence_interval":{"confidence_level":0.95,"lower_bound":390618.6839900784,"upper_bound":391858.9827911832},"point_estimate":391180.0727157162,"standard_error":317.3666552925805},"median":{"confidence_interval":{"confidence_level":0.95,"lower_bound":390250.8308457711,"upper_bound":390546.4159159159},"point_estimate":390426.24110094074,"standard_error":87.57336660639739},"median_abs_dev":{"confidence_interval":{"confidence_level":0.95,"lower_bound":493.2775561990471,"upper_bound":880.8297530624392},"point_estimate":702.3038220333872,"standard_error":101.62025499115329},"slope":{"confidence_interval":{"confidence_level":0.95,"lower_bound":390092.0955995349,"upper_bound":391157.01662366855},"point_estimate":390535.3773794394,"standard_error":276.5603331640408},"std_dev":{"confidence_interval":{"confidence_level":0.95,"lower_bound":1519.4349280332171,"upper_bound":4440.636697393724},"point_estimate":3195.9574242559656,"standard_error":723.2342401503108}}