{"mean":{"confidence_interval":{"confidence_level":0.95,"lower_bound":4799.6570715816115,"upper_bound":4805.527953154599},"point_estimate":4802.233245306805,"standard_error":1.5095387320301918},"median":{"confidence_interval":{"confidence_level":0.95,"lower_bound":4798.235735735736,"upper_bound":4799.8194108964035},"point_estimate":4799.094538506082,"standard_error":0.3674072202556405},"median_abs_dev":{"confidence_interval":{"confidence_level":0.95,"lower_bound":2.929248512253435,"upper_bound":5.546618983653214},"point_estimate":4.166044747898363,"standard_error":0.638337379325239},"slope":{"confidence_interval":{"confidence_level":0.95,"lower_bound":4798.632420374614,"upper_bound":4801.602598376461},"point_estimate":4799.860150431656,"standard_error":0.7705323445865664},"std_dev":{"confidence_interval":{"confidence_level":0.95,"lower_bound":6.102990864070578,"upper_bound":22.367209899419944},"point_estimate":15.208467380065072,"standard_error":4.207801950006454}}