{"mean":{"confidence_interval":{"confidence_level":0.95,"lower_bound":24418.40520003916,"upper_bound":24522.298500550598},"point_estimate":24461.573010180357,"standard_error":26.952770433509457},"median":{"confidence_interval":{"confidence_level":0.95,"lower_bound":24402.957690393232,"upper_bound":24413.936561913695},"point_estimate":24408.89182109028,"standard_error":2.6446379109160856},"median_abs_dev":{"confidence_interval":{"confidence_level":0.95,"lower_bound":27.011000930451043,"upper_bound":59.405727666951954},"point_estimate":43.450086927697164,"standard_error":8.34474086919252},"slope":{"confidence_interval":{"confidence_level":0.95,"lower_bound":24384.088629016547,"upper_bound":24408.93995126636},"point_estimate":24395.77949676875,"standard_error":6.353862136670557},"std_dev":{"confidence_interval":{"confidence_level":0.95,"lower_bound":76.15187362646803,"upper_bound":431.4256427964028},"point_estimate":271.24436890298125,"standard_error":98.21249807131198}}