{"mean":{"confidence_interval":{"confidence_level":0.95,"lower_bound":1535.8429685645772,"upper_bound":1564.3883139080472},"point_estimate":1545.9174096238246,"standard_error":8.47072965855355},"median":{"confidence_interval":{"confidence_level":0.95,"lower_bound":1533.8457426127527,"upper_bound":1535.5212026956972},"point_estimate":1534.8062559236741,"standard_error":0.4464257301018525},"median_abs_dev":{"confidence_interval":{"confidence_level":0.95,"lower_bound":2.0254801020403534,"upper_bound":3.4217354431399745},"point_estimate":2.718420490543373,"standard_error":0.35902254130142025},"slope":{"confidence_interval":{"confidence_level":0.95,"lower_bound":1535.0796270169094,"upper_bound":1538.4573371837944},"point_estimate":1536.5858092136366,"standard_error":0.8640962821796715},"std_dev":{"confidence_interval":{"confidence_level":0.95,"lower_bound":6.561277505054487,"upper_bound":144.22626704485782},"point_estimate":84.62738488019087,"standard_error":47.7314620975185}}