{"mean":{"confidence_interval":{"confidence_level":0.95,"lower_bound":26120.670561897226,"upper_bound":26657.22199157035},"point_estimate":26315.63088987463,"standard_error":150.7441180477892},"median":{"confidence_interval":{"confidence_level":0.95,"lower_bound":26078.086967418545,"upper_bound":26085.807368421054},"point_estimate":26081.787380382775,"standard_error":2.2345453047900468},"median_abs_dev":{"confidence_interval":{"confidence_level":0.95,"lower_bound":7.619600115776876,"upper_bound":16.17223933378932},"point_estimate":11.22404438207341,"standard_error":2.2885450838420485},"slope":{"confidence_interval":{"confidence_level":0.95,"lower_bound":26093.906687077528,"upper_bound":26187.593882024008},"point_estimate":26133.075140814944,"standard_error":24.264721136640325},"std_dev":{"confidence_interval":{"confidence_level":0.95,"lower_bound":181.15136758264637,"upper_bound":2544.1772812930885},"point_estimate":1505.5924310111125,"standard_error":787.6830402892257}}