{"mean":{"confidence_interval":{"confidence_level":0.95,"lower_bound":123377.14817531839,"upper_bound":123692.80630245926},"point_estimate":123516.14750901308,"standard_error":81.2514424101237},"median":{"confidence_interval":{"confidence_level":0.95,"lower_bound":123253.98611111111,"upper_bound":123403.7558685446},"point_estimate":123347.09226190476,"standard_error":36.315903663732676},"median_abs_dev":{"confidence_interval":{"confidence_level":0.95,"lower_bound":205.5904393581677,"upper_bound":341.96365964634947},"point_estimate":251.9599965684834,"standard_error":34.82558258238803},"slope":{"confidence_interval":{"confidence_level":0.95,"lower_bound":123234.21314313654,"upper_bound":123417.89701928601},"point_estimate":123314.1935658342,"standard_error":47.348947628248716},"std_dev":{"confidence_interval":{"confidence_level":0.95,"lower_bound":373.19218262004364,"upper_bound":1232.2779224955589},"point_estimate":819.6486267495668,"standard_error":234.10344114389738}}