{"mean":{"confidence_interval":{"confidence_level":0.95,"lower_bound":3349.5387713168457,"upper_bound":3447.4860996957923},"point_estimate":3384.9822393425648,"standard_error":28.443643468510224},"median":{"confidence_interval":{"confidence_level":0.95,"lower_bound":3332.9391713747646,"upper_bound":3337.3050847457625},"point_estimate":3335.8422514071294,"standard_error":1.2784845990384899},"median_abs_dev":{"confidence_interval":{"confidence_level":0.95,"lower_bound":10.810440783936928,"upper_bound":21.94906642181131},"point_estimate":15.292516101197954,"standard_error":2.8176699812488133},"slope":{"confidence_interval":{"confidence_level":0.95,"lower_bound":3341.8380453528325,"upper_bound":3365.0074705987395},"point_estimate":3352.5633056232514,"standard_error":5.922989122555588},"std_dev":{"confidence_interval":{"confidence_level":0.95,"lower_bound":40.76858044732444,"upper_bound":482.82651073341873},"point_estimate":284.3086172525112,"standard_error":155.417115702222}}