{"mean":{"confidence_interval":{"confidence_level":0.95,"lower_bound":2259.982008315266,"upper_bound":2266.979483594111},"point_estimate":2263.0736624175133,"standard_error":1.7982238700494497},"median":{"confidence_interval":{"confidence_level":0.95,"lower_bound":2258.029612756264,"upper_bound":2259.8709187547456},"point_estimate":2258.908613880425,"standard_error":0.45578486780753563},"median_abs_dev":{"confidence_interval":{"confidence_level":0.95,"lower_bound":2.7944104987242953,"upper_bound":6.063390760027652},"point_estimate":3.6903461130451545,"standard_error":0.8512551415986445},"slope":{"confidence_interval":{"confidence_level":0.95,"lower_bound":2256.506840495753,"upper_bound":2259.139954574322},"point_estimate":2257.7213495144097,"standard_error":0.6684451250725028},"std_dev":{"confidence_interval":{"confidence_level":0.95,"lower_bound":7.16119646631338,"upper_bound":26.146694315374386},"point_estimate":18.031761428415333,"standard_error":4.721960302517352}}