{"mean":{"confidence_interval":{"confidence_level":0.95,"lower_bound":217.8119918517726,"upper_bound":221.8215855528666},"point_estimate":219.25385408895463,"standard_error":1.1669428826495798},"median":{"confidence_interval":{"confidence_level":0.95,"lower_bound":217.5798557444616,"upper_bound":218.18397976352514},"point_estimate":217.77044477933197,"standard_error":0.18412748344901667},"median_abs_dev":{"confidence_interval":{"confidence_level":0.95,"lower_bound":0.9375634994329047,"upper_bound":1.4701622838064532},"point_estimate":1.1620255900420986,"standard_error":0.13531133338619755},"slope":{"confidence_interval":{"confidence_level":0.95,"lower_bound":217.72178139142818,"upper_bound":218.52652811508372},"point_estimate":218.1230022602317,"standard_error":0.20412309581252044},"std_dev":{"confidence_interval":{"confidence_level":0.95,"lower_bound":1.3867857490625892,"upper_bound":20.029897604852053},"point_estimate":11.778005736347083,"standard_error":6.468954077222838}}