{"mean":{"confidence_interval":{"confidence_level":0.95,"lower_bound":110300.44011187828,"upper_bound":110675.94892523835},"point_estimate":110489.242274158,"standard_error":95.54283405997344},"median":{"confidence_interval":{"confidence_level":0.95,"lower_bound":110503.05176767676,"upper_bound":110688.56209150326},"point_estimate":110596.08484573502,"standard_error":55.0987649105933},"median_abs_dev":{"confidence_interval":{"confidence_level":0.95,"lower_bound":267.390470377266,"upper_bound":464.31166545583403},"point_estimate":350.2059464032611,"standard_error":49.98963686638504},"slope":{"confidence_interval":{"confidence_level":0.95,"lower_bound":110008.84569210115,"upper_bound":110595.80550015533},"point_estimate":110311.71756169647,"standard_error":150.48840980671184},"std_dev":{"confidence_interval":{"confidence_level":0.95,"lower_bound":682.603531794628,"upper_bound":1214.385761395952},"point_estimate":962.1228033341487,"standard_error":136.1022781850987}}