{"mean":{"confidence_interval":{"confidence_level":0.95,"lower_bound":107498.4827982061,"upper_bound":107944.91015068965},"point_estimate":107692.28479878239,"standard_error":115.06003470464077},"median":{"confidence_interval":{"confidence_level":0.95,"lower_bound":107381.96301369862,"upper_bound":107475.96666666666},"point_estimate":107434.12285162057,"standard_error":24.929265630985142},"median_abs_dev":{"confidence_interval":{"confidence_level":0.95,"lower_bound":167.83190552038832,"upper_bound":315.8860211164684},"point_estimate":241.0838080977178,"standard_error":36.64302697917652},"slope":{"confidence_interval":{"confidence_level":0.95,"lower_bound":107320.19902577728,"upper_bound":107451.08973461554},"point_estimate":107380.95940505395,"standard_error":33.43256215014081},"std_dev":{"confidence_interval":{"confidence_level":0.95,"lower_bound":375.40842762051034,"upper_bound":1735.0568600229112},"point_estimate":1153.759315639918,"standard_error":342.5979943726825}}