{"mean":{"confidence_interval":{"confidence_level":0.95,"lower_bound":10020.537836778176,"upper_bound":10308.969046963433},"point_estimate":10124.996708060115,"standard_error":83.85111445993631},"median":{"confidence_interval":{"confidence_level":0.95,"lower_bound":9964.286713800262,"upper_bound":9971.17578563412},"point_estimate":9966.792335455008,"standard_error":1.7505261557632794},"median_abs_dev":{"confidence_interval":{"confidence_level":0.95,"lower_bound":9.342967906518822,"upper_bound":27.900649094730024},"point_estimate":12.695332852605281,"standard_error":5.151329626095818},"slope":{"confidence_interval":{"confidence_level":0.95,"lower_bound":9988.070477269828,"upper_bound":10055.310493215657},"point_estimate":10018.984558575261,"standard_error":17.29073826843449},"std_dev":{"confidence_interval":{"confidence_level":0.95,"lower_bound":120.03838978811437,"upper_bound":1435.9648695438482},"point_estimate":845.192577424474,"standard_error":461.73922402717614}}