{"mean":{"confidence_interval":{"confidence_level":0.95,"lower_bound":10200.371594554621,"upper_bound":10359.875274675298},"point_estimate":10261.857524401385,"standard_error":42.630306219221836},"median":{"confidence_interval":{"confidence_level":0.95,"lower_bound":10179.641179839633,"upper_bound":10182.896755609461},"point_estimate":10181.581380536032,"standard_error":0.7697011778548096},"median_abs_dev":{"confidence_interval":{"confidence_level":0.95,"lower_bound":4.007369062513075,"upper_bound":7.613012686462607},"point_estimate":5.541312929972306,"standard_error":0.9380916071867412},"slope":{"confidence_interval":{"confidence_level":0.95,"lower_bound":10192.988502562928,"upper_bound":10232.959265208889},"point_estimate":10211.733172262602,"standard_error":10.237717738076087},"std_dev":{"confidence_interval":{"confidence_level":0.95,"lower_bound":76.80842954468771,"upper_bound":709.7568776557928},"point_estimate":428.732779570355,"standard_error":195.22654108589524}}