{"mean":{"confidence_interval":{"confidence_level":0.95,"lower_bound":1227.3533586900833,"upper_bound":1231.0754087025516},"point_estimate":1228.9770853689322,"standard_error":0.959810918361098},"median":{"confidence_interval":{"confidence_level":0.95,"lower_bound":1226.6288066771938,"upper_bound":1227.473746223055},"point_estimate":1227.0493237146463,"standard_error":0.21285911351237347},"median_abs_dev":{"confidence_interval":{"confidence_level":0.95,"lower_bound":1.4061026838804653,"upper_bound":2.645914288274372},"point_estimate":2.1397334406101596,"standard_error":0.32361860420904254},"slope":{"confidence_interval":{"confidence_level":0.95,"lower_bound":1225.9382154024427,"upper_bound":1226.969838460844},"point_estimate":1226.4258242947365,"standard_error":0.2634033012285526},"std_dev":{"confidence_interval":{"confidence_level":0.95,"lower_bound":3.6139825259409206,"upper_bound":14.667914320568364},"point_estimate":9.65673779331173,"standard_error":2.8908336740422538}}