{"mean":{"confidence_interval":{"confidence_level":0.95,"lower_bound":19858.82789671509,"upper_bound":19945.98694909526},"point_estimate":19897.597009909216,"standard_error":22.37590978895357},"median":{"confidence_interval":{"confidence_level":0.95,"lower_bound":19823.770833333336,"upper_bound":19861.350574712644},"point_estimate":19846.026146616543,"standard_error":11.02278551702514},"median_abs_dev":{"confidence_interval":{"confidence_level":0.95,"lower_bound":44.97852889854504,"upper_bound":82.70967049350946},"point_estimate":61.34697720079933,"standard_error":10.039956793376819},"slope":{"confidence_interval":{"confidence_level":0.95,"lower_bound":19861.62763509166,"upper_bound":19953.878243925607},"point_estimate":19901.023442411704,"standard_error":23.845875291617848},"std_dev":{"confidence_interval":{"confidence_level":0.95,"lower_bound":104.4566216071511,"upper_bound":327.7109492401977},"point_estimate":225.2206724646356,"standard_error":58.52649875323233}}