{"mean":{"confidence_interval":{"confidence_level":0.95,"lower_bound":16868.75122234412,"upper_bound":16890.022545246135},"point_estimate":16878.05684470813,"standard_error":5.491060003592151},"median":{"confidence_interval":{"confidence_level":0.95,"lower_bound":16863.29988885006,"upper_bound":16868.26645644462},"point_estimate":16865.142468819955,"standard_error":1.3096075768824085},"median_abs_dev":{"confidence_interval":{"confidence_level":0.95,"lower_bound":9.578359651970327,"upper_bound":17.48738433287657},"point_estimate":12.645631374549103,"standard_error":2.063835758153281},"slope":{"confidence_interval":{"confidence_level":0.95,"lower_bound":16864.224681747786,"upper_bound":16869.552762440842},"point_estimate":16866.68885067864,"standard_error":1.364472769330415},"std_dev":{"confidence_interval":{"confidence_level":0.95,"lower_bound":25.365137135193212,"upper_bound":80.82790001178938},"point_estimate":54.71268124099706,"standard_error":14.72831435660322}}