{"mean":{"confidence_interval":{"confidence_level":0.95,"lower_bound":1242.9398798861316,"upper_bound":1270.7479924588056},"point_estimate":1252.8076334444531,"standard_error":8.359853611189264},"median":{"confidence_interval":{"confidence_level":0.95,"lower_bound":1240.4011911499178,"upper_bound":1241.9994888537133},"point_estimate":1241.235896536473,"standard_error":0.3662831933129151},"median_abs_dev":{"confidence_interval":{"confidence_level":0.95,"lower_bound":2.2671981806898267,"upper_bound":4.021727123358406},"point_estimate":3.1147856640850486,"standard_error":0.42970133795715343},"slope":{"confidence_interval":{"confidence_level":0.95,"lower_bound":1240.1911990740598,"upper_bound":1241.3318792668072},"point_estimate":1240.749091899988,"standard_error":0.29026842429571326},"std_dev":{"confidence_interval":{"confidence_level":0.95,"lower_bound":7.651289173902054,"upper_bound":144.12074425409628},"point_estimate":84.42975344193535,"standard_error":48.323710100769574}}