{"mean":{"confidence_interval":{"confidence_level":0.95,"lower_bound":1407.2718142303984,"upper_bound":1424.0957685516064},"point_estimate":1414.0910092125334,"standard_error":4.421819876785174},"median":{"confidence_interval":{"confidence_level":0.95,"lower_bound":1399.8733535967579,"upper_bound":1410.2762377575143},"point_estimate":1403.5744485571504,"standard_error":2.7096709180921374},"median_abs_dev":{"confidence_interval":{"confidence_level":0.95,"lower_bound":11.892758273444798,"upper_bound":22.139465556480044},"point_estimate":16.39539813363715,"standard_error":2.5627996878292234},"slope":{"confidence_interval":{"confidence_level":0.95,"lower_bound":1400.7679838384704,"upper_bound":1427.088190193988},"point_estimate":1410.8582409083715,"standard_error":6.963944785383197},"std_dev":{"confidence_interval":{"confidence_level":0.95,"lower_bound":16.812979011519094,"upper_bound":71.49084440570782},"point_estimate":44.38124936138217,"standard_error":18.061891181828727}}