{"mean":{"confidence_interval":{"confidence_level":0.95,"lower_bound":136.72016915685882,"upper_bound":141.00803345091117},"point_estimate":138.2962906981827,"standard_error":1.2156966608272068},"median":{"confidence_interval":{"confidence_level":0.95,"lower_bound":136.05152754668146,"upper_bound":136.40572518025513},"point_estimate":136.1901708911942,"standard_error":0.11625619865626913},"median_abs_dev":{"confidence_interval":{"confidence_level":0.95,"lower_bound":0.6905880302247385,"upper_bound":1.985428129174104},"point_estimate":1.0725357934340756,"standard_error":0.3604784417534575},"slope":{"confidence_interval":{"confidence_level":0.95,"lower_bound":136.3055725461183,"upper_bound":137.299515496252},"point_estimate":136.7791572855972,"standard_error":0.2539701823955763},"std_dev":{"confidence_interval":{"confidence_level":0.95,"lower_bound":1.9834821496568638,"upper_bound":20.62935141897232},"point_estimate":12.213531677981912,"standard_error":6.379390236753408}}