{"mean":{"confidence_interval":{"confidence_level":0.95,"lower_bound":9550.43305411501,"upper_bound":9593.181568666647},"point_estimate":9568.923011463969,"standard_error":10.999526874737368},"median":{"confidence_interval":{"confidence_level":0.95,"lower_bound":9539.881993006993,"upper_bound":9549.432837995337},"point_estimate":9542.56543593769,"standard_error":2.226750406746807},"median_abs_dev":{"confidence_interval":{"confidence_level":0.95,"lower_bound":15.216132614476095,"upper_bound":27.611956366006474},"point_estimate":20.855326253341843,"standard_error":3.0615514672164563},"slope":{"confidence_interval":{"confidence_level":0.95,"lower_bound":9534.780850090001,"upper_bound":9547.785236384887},"point_estimate":9540.785308254994,"standard_error":3.3152957078273944},"std_dev":{"confidence_interval":{"confidence_level":0.95,"lower_bound":33.64526285755036,"upper_bound":167.31181654850914},"point_estimate":110.41708047492949,"standard_error":32.68454274929652}}