{"mean":{"confidence_interval":{"confidence_level":0.95,"lower_bound":289715.36216275964,"upper_bound":289980.17558522936},"point_estimate":289835.7781626948,"standard_error":67.75218631796429},"median":{"confidence_interval":{"confidence_level":0.95,"lower_bound":289647.1590909091,"upper_bound":289758.140625},"point_estimate":289688.3352216749,"standard_error":28.51113756751035},"median_abs_dev":{"confidence_interval":{"confidence_level":0.95,"lower_bound":251.205434719829,"upper_bound":384.7407558411723},"point_estimate":329.4688169829888,"standard_error":34.28979712823834},"slope":{"confidence_interval":{"confidence_level":0.95,"lower_bound":289559.6304499209,"upper_bound":289685.51282217936},"point_estimate":289619.2196785873,"standard_error":32.03600873540107},"std_dev":{"confidence_interval":{"confidence_level":0.95,"lower_bound":377.4016820021048,"upper_bound":955.0729390250707},"point_estimate":678.4916020459103,"standard_error":150.54919969110807}}