{"mean":{"confidence_interval":{"confidence_level":0.95,"lower_bound":291400.6981371842,"upper_bound":291941.76360003604},"point_estimate":291643.7147888196,"standard_error":139.16512122248372},"median":{"confidence_interval":{"confidence_level":0.95,"lower_bound":291200.375,"upper_bound":291481.3333333333},"point_estimate":291358.78539215686,"standard_error":82.48134574225858},"median_abs_dev":{"confidence_interval":{"confidence_level":0.95,"lower_bound":413.91132649304285,"upper_bound":709.9673745836066},"point_estimate":557.052796544715,"standard_error":72.24021358564644},"slope":{"confidence_interval":{"confidence_level":0.95,"lower_bound":291190.0035332391,"upper_bound":291444.04534709814},"point_estimate":291310.4688488252,"standard_error":64.87219654134823},"std_dev":{"confidence_interval":{"confidence_level":0.95,"lower_bound":690.4872440407563,"upper_bound":2024.0469105289797},"point_estimate":1396.0876353766262,"standard_error":348.8675196849851}}