{"mean":{"confidence_interval":{"confidence_level":0.95,"lower_bound":26137.496515083112,"upper_bound":26631.565894707655},"point_estimate":26307.669913703576,"standard_error":153.4082084645841},"median":{"confidence_interval":{"confidence_level":0.95,"lower_bound":26124.902476780186,"upper_bound":26128.389710230633},"point_estimate":26126.089944677035,"standard_error":0.9648207585161369},"median_abs_dev":{"confidence_interval":{"confidence_level":0.95,"lower_bound":5.4173171087197245,"upper_bound":10.442518990835667},"point_estimate":8.045808582918289,"standard_error":1.2858583328296995},"slope":{"confidence_interval":{"confidence_level":0.95,"lower_bound":26126.669895605035,"upper_bound":26186.390766875807},"point_estimate":26151.01993256749,"standard_error":15.756018926197633},"std_dev":{"confidence_interval":{"confidence_level":0.95,"lower_bound":58.186167821183545,"upper_bound":2639.716435943961},"point_estimate":1542.2163128650566,"standard_error":915.0149656301503}}