{"mean":{"confidence_interval":{"confidence_level":0.95,"lower_bound":35700.16564601335,"upper_bound":35746.34307821962},"point_estimate":35721.87130321472,"standard_error":11.778787524387665},"median":{"confidence_interval":{"confidence_level":0.95,"lower_bound":35680.98044217687,"upper_bound":35718.58531746032},"point_estimate":35694.352257924445,"standard_error":9.38046074374102},"median_abs_dev":{"confidence_interval":{"confidence_level":0.95,"lower_bound":58.86312233275029,"upper_bound":103.69455211470282},"point_estimate":77.95620789208,"standard_error":11.134191744192226},"slope":{"confidence_interval":{"confidence_level":0.95,"lower_bound":35686.54528220464,"upper_bound":35713.72897808414},"point_estimate":35699.938983723536,"standard_error":6.9261564012734},"std_dev":{"confidence_interval":{"confidence_level":0.95,"lower_bound":81.15577694930262,"upper_bound":154.1504987801211},"point_estimate":118.38141690093717,"standard_error":18.876575716351145}}