{"mean":{"confidence_interval":{"confidence_level":0.95,"lower_bound":56960.65322777901,"upper_bound":57114.32657293361},"point_estimate":57027.26270587536,"standard_error":39.7624633172585},"median":{"confidence_interval":{"confidence_level":0.95,"lower_bound":56913.72222222222,"upper_bound":56977.31452991453},"point_estimate":56942.810525089066,"standard_error":16.30946033062852},"median_abs_dev":{"confidence_interval":{"confidence_level":0.95,"lower_bound":76.78097747744381,"upper_bound":154.55212207555704},"point_estimate":113.82502644060118,"standard_error":18.594655863954003},"slope":{"confidence_interval":{"confidence_level":0.95,"lower_bound":56889.96164651223,"upper_bound":56945.009115301546},"point_estimate":56915.63708569364,"standard_error":14.064761469883265},"std_dev":{"confidence_interval":{"confidence_level":0.95,"lower_bound":142.18765054935807,"upper_bound":606.5083618341954},"point_estimate":400.45816679393084,"standard_error":123.74688186221735}}