{"mean":{"confidence_interval":{"confidence_level":0.95,"lower_bound":35538.08345565962,"upper_bound":35636.47186148856},"point_estimate":35579.10091214512,"standard_error":25.585301560768723},"median":{"confidence_interval":{"confidence_level":0.95,"lower_bound":35502.479166666664,"upper_bound":35532.2084478022},"point_estimate":35512.57440476191,"standard_error":8.529154657104424},"median_abs_dev":{"confidence_interval":{"confidence_level":0.95,"lower_bound":37.75248835415393,"upper_bound":74.4396759511563},"point_estimate":50.97396648634162,"standard_error":9.486204633994145},"slope":{"confidence_interval":{"confidence_level":0.95,"lower_bound":35507.37535452418,"upper_bound":35539.047183780705},"point_estimate":35522.27077170723,"standard_error":8.102678989961221},"std_dev":{"confidence_interval":{"confidence_level":0.95,"lower_bound":101.29035398687292,"upper_bound":404.9551747300923},"point_estimate":256.864760048577,"standard_error":93.39548560327523}}