{"mean":{"confidence_interval":{"confidence_level":0.95,"lower_bound":67.91653109948327,"upper_bound":68.07463173914016},"point_estimate":67.99227827848819,"standard_error":0.04017932457857659},"median":{"confidence_interval":{"confidence_level":0.95,"lower_bound":67.89362406152301,"upper_bound":68.1224038809045},"point_estimate":68.04890357244874,"standard_error":0.060290380093719814},"median_abs_dev":{"confidence_interval":{"confidence_level":0.95,"lower_bound":0.28695883213297807,"upper_bound":0.5653108788208625},"point_estimate":0.48732272003992816,"standard_error":0.07174317606648353},"slope":{"confidence_interval":{"confidence_level":0.95,"lower_bound":67.70679269464324,"upper_bound":67.82827154259647},"point_estimate":67.76160977271526,"standard_error":0.030962440198159382},"std_dev":{"confidence_interval":{"confidence_level":0.95,"lower_bound":0.3120612798849739,"upper_bound":0.5178042410842671},"point_estimate":0.40369944322324164,"standard_error":0.05829774669104754}}