{"mean":{"confidence_interval":{"confidence_level":0.95,"lower_bound":778.451454013505,"upper_bound":792.9901949542402},"point_estimate":783.6749104355433,"standard_error":4.254152764458325},"median":{"confidence_interval":{"confidence_level":0.95,"lower_bound":776.8298669562856,"upper_bound":777.3137670593109},"point_estimate":777.0539996250469,"standard_error":0.13429222199706403},"median_abs_dev":{"confidence_interval":{"confidence_level":0.95,"lower_bound":0.71362781105136,"upper_bound":1.2542530129803675},"point_estimate":0.915886258957023,"standard_error":0.13637471597041126},"slope":{"confidence_interval":{"confidence_level":0.95,"lower_bound":778.2727935898121,"upper_bound":781.619228541777},"point_estimate":779.8422530808963,"standard_error":0.8554143047866798},"std_dev":{"confidence_interval":{"confidence_level":0.95,"lower_bound":5.174699768372659,"upper_bound":72.68979760315895},"point_estimate":42.761590842529124,"standard_error":23.565544177967176}}