{"mean":{"confidence_interval":{"confidence_level":0.95,"lower_bound":2760177.8098552627,"upper_bound":2762629.2985000005},"point_estimate":2761335.3721052627,"standard_error":626.787075238052},"median":{"confidence_interval":{"confidence_level":0.95,"lower_bound":2759679.8421052634,"upper_bound":2761754.3684210526},"point_estimate":2760441.9210526315,"standard_error":504.4793800670584},"median_abs_dev":{"confidence_interval":{"confidence_level":0.95,"lower_bound":3313.0647201287848,"upper_bound":5667.043320442428},"point_estimate":4504.684941078414,"standard_error":620.7266612304538},"slope":null,"std_dev":{"confidence_interval":{"confidence_level":0.95,"lower_bound":4468.431250051801,"upper_bound":8174.285867095674},"point_estimate":6292.236989335511,"standard_error":970.8262196389198}}