{"mean":{"confidence_interval":{"confidence_level":0.95,"lower_bound":2765899.980526316,"upper_bound":2777251.414999999},"point_estimate":2770303.9505263157,"standard_error":3051.5746888723656},"median":{"confidence_interval":{"confidence_level":0.95,"lower_bound":2764275.236842105,"upper_bound":2767557.052631579},"point_estimate":2765684.1842105263,"standard_error":719.0428283744525},"median_abs_dev":{"confidence_interval":{"confidence_level":0.95,"lower_bound":4844.43442978317,"upper_bound":9422.312990615388},"point_estimate":6803.339152900887,"standard_error":1178.031310786101},"slope":null,"std_dev":{"confidence_interval":{"confidence_level":0.95,"lower_bound":7996.2394783497075,"upper_bound":50870.26914563374},"point_estimate":30745.44508395775,"standard_error":14233.453204661728}}