{"mean":{"confidence_interval":{"confidence_level":0.95,"lower_bound":1188.4331331320332,"upper_bound":1210.6322335658697},"point_estimate":1196.8754233742718,"standard_error":6.024089048054725},"median":{"confidence_interval":{"confidence_level":0.95,"lower_bound":1181.478945014294,"upper_bound":1183.4839527146598},"point_estimate":1182.280292090581,"standard_error":0.5381558311163503},"median_abs_dev":{"confidence_interval":{"confidence_level":0.95,"lower_bound":2.4878829093323156,"upper_bound":6.461082481693589},"point_estimate":3.991222754871754,"standard_error":1.0330907761426418},"slope":{"confidence_interval":{"confidence_level":0.95,"lower_bound":1185.3423992317414,"upper_bound":1194.4692163949517},"point_estimate":1189.6467606671222,"standard_error":2.3521187995723705},"std_dev":{"confidence_interval":{"confidence_level":0.95,"lower_bound":15.331648990521037,"upper_bound":100.66052735702966},"point_estimate":60.52261896614911,"standard_error":28.898959385884996}}