{"mean":{"confidence_interval":{"confidence_level":0.95,"lower_bound":792328.3490988128,"upper_bound":795041.5592349094},"point_estimate":793435.4173650645,"standard_error":708.5820982872096},"median":{"confidence_interval":{"confidence_level":0.95,"lower_bound":791895.54028133,"upper_bound":792599.4292215945},"point_estimate":792292.0284090908,"standard_error":192.1080483754537},"median_abs_dev":{"confidence_interval":{"confidence_level":0.95,"lower_bound":1206.5775959045625,"upper_bound":1994.2656003810355},"point_estimate":1712.3705317614872,"standard_error":195.20102403735265},"slope":{"confidence_interval":{"confidence_level":0.95,"lower_bound":791352.4339447696,"upper_bound":791962.8746101329},"point_estimate":791635.1668095167,"standard_error":155.48118183650453},"std_dev":{"confidence_interval":{"confidence_level":0.95,"lower_bound":1905.2787821970967,"upper_bound":11527.158095079918},"point_estimate":7144.8285439940155,"standard_error":2816.709477910533}}