{"mean":{"confidence_interval":{"confidence_level":0.95,"lower_bound":1244118.8360400405,"upper_bound":1264993.3977617177},"point_estimate":1251938.531311146,"standard_error":5718.827700834066},"median":{"confidence_interval":{"confidence_level":0.95,"lower_bound":1239233.7055555554,"upper_bound":1239639.0},"point_estimate":1239467.1726241745,"standard_error":111.24212613827244},"median_abs_dev":{"confidence_interval":{"confidence_level":0.95,"lower_bound":780.4807186574211,"upper_bound":4255.583848525373},"point_estimate":1432.1681767402465,"standard_error":781.0005372653376},"slope":{"confidence_interval":{"confidence_level":0.95,"lower_bound":1242164.45627323,"upper_bound":1249145.6833389879},"point_estimate":1245373.2366159302,"standard_error":1783.4413999677436},"std_dev":{"confidence_interval":{"confidence_level":0.95,"lower_bound":12243.738160259063,"upper_bound":96640.49687987707},"point_estimate":57690.26094106212,"standard_error":28613.713790580314}}