{"mean":{"confidence_interval":{"confidence_level":0.95,"lower_bound":161355.6306428848,"upper_bound":164280.97184387257},"point_estimate":162464.48163295034,"standard_error":806.742329071867},"median":{"confidence_interval":{"confidence_level":0.95,"lower_bound":160631.33127705628,"upper_bound":160745.0121580547},"point_estimate":160698.83979591838,"standard_error":29.562574167059463},"median_abs_dev":{"confidence_interval":{"confidence_level":0.95,"lower_bound":172.5938838406048,"upper_bound":441.93281054179585},"point_estimate":273.5877083575564,"standard_error":71.73745556265932},"slope":{"confidence_interval":{"confidence_level":0.95,"lower_bound":160994.93271403207,"upper_bound":161958.84093234758},"point_estimate":161437.70968481497,"standard_error":246.67377175197578},"std_dev":{"confidence_interval":{"confidence_level":0.95,"lower_bound":1740.3263577172877,"upper_bound":13631.82625777664},"point_estimate":8147.03561409175,"standard_error":4016.726398809518}}