{"mean":{"confidence_interval":{"confidence_level":0.95,"lower_bound":964.1133195415933,"upper_bound":989.9993403554176},"point_estimate":973.792745245023,"standard_error":7.249062396627983},"median":{"confidence_interval":{"confidence_level":0.95,"lower_bound":956.4754008083762,"upper_bound":958.5953645899871},"point_estimate":957.1514806937237,"standard_error":0.5877212886781398},"median_abs_dev":{"confidence_interval":{"confidence_level":0.95,"lower_bound":2.358152688976109,"upper_bound":5.795886601431274},"point_estimate":3.3893124683800067,"standard_error":0.9356607773479569},"slope":{"confidence_interval":{"confidence_level":0.95,"lower_bound":961.1597074838091,"upper_bound":969.0466571955435},"point_estimate":964.864213548871,"standard_error":2.0237692774709233},"std_dev":{"confidence_interval":{"confidence_level":0.95,"lower_bound":14.923379980055632,"upper_bound":123.43214109835384},"point_estimate":73.30261073411727,"standard_error":37.58908844792922}}