{"mean":{"confidence_interval":{"confidence_level":0.95,"lower_bound":2666.354039778623,"upper_bound":2750.5304478572916},"point_estimate":2702.2641723898323,"standard_error":21.75696590213037},"median":{"confidence_interval":{"confidence_level":0.95,"lower_bound":2692.652955146301,"upper_bound":2730.3783374621526},"point_estimate":2700.06479464124,"standard_error":10.074423362768128},"median_abs_dev":{"confidence_interval":{"confidence_level":0.95,"lower_bound":62.50918324784287,"upper_bound":165.7772954038882},"point_estimate":118.67200925188206,"standard_error":28.022509968582945},"slope":{"confidence_interval":{"confidence_level":0.95,"lower_bound":2577.7209139737847,"upper_bound":2618.219786925507},"point_estimate":2596.2686921598724,"standard_error":10.328530191538082},"std_dev":{"confidence_interval":{"confidence_level":0.95,"lower_bound":105.81570623107247,"upper_bound":340.22847882957643},"point_estimate":218.08622618305495,"standard_error":76.61028590145935}}