{"mean":{"confidence_interval":{"confidence_level":0.95,"lower_bound":1878.6401411247764,"upper_bound":1908.730938102984},"point_estimate":1888.9644841153518,"standard_error":9.546983784835744},"median":{"confidence_interval":{"confidence_level":0.95,"lower_bound":1880.1015776112185,"upper_bound":1880.9453125},"point_estimate":1880.5425558943089,"standard_error":0.25982531915266976},"median_abs_dev":{"confidence_interval":{"confidence_level":0.95,"lower_bound":1.287575469245165,"upper_bound":2.2513459716410216},"point_estimate":1.7107530227986114,"standard_error":0.261127480414154},"slope":{"confidence_interval":{"confidence_level":0.95,"lower_bound":1880.6733502879304,"upper_bound":1881.3937145409961},"point_estimate":1881.0239081118932,"standard_error":0.18347830953731506},"std_dev":{"confidence_interval":{"confidence_level":0.95,"lower_bound":3.3944015584843,"upper_bound":164.77441728277586},"point_estimate":96.11086801671024,"standard_error":58.18070432642492}}