{"mean":{"confidence_interval":{"confidence_level":0.95,"lower_bound":15966.262834595218,"upper_bound":16279.239609115832},"point_estimate":16081.163167432542,"standard_error":88.27447332416551},"median":{"confidence_interval":{"confidence_level":0.95,"lower_bound":15927.691495247,"upper_bound":15951.806685366993},"point_estimate":15938.283312621428,"standard_error":6.414934526405764},"median_abs_dev":{"confidence_interval":{"confidence_level":0.95,"lower_bound":27.835328364384615,"upper_bound":49.278929602274786},"point_estimate":38.693365780935835,"standard_error":5.379756964778901},"slope":{"confidence_interval":{"confidence_level":0.95,"lower_bound":15962.72054072379,"upper_bound":16023.252880762991},"point_estimate":15991.15011049829,"standard_error":15.555829922925879},"std_dev":{"confidence_interval":{"confidence_level":0.95,"lower_bound":104.38888755815516,"upper_bound":1498.2373420697988},"point_estimate":886.2874840885531,"standard_error":466.240864734327}}