{"mean":{"confidence_interval":{"confidence_level":0.95,"lower_bound":942.64610798264,"upper_bound":963.3375797014191},"point_estimate":950.2144310156457,"standard_error":5.906229403175602},"median":{"confidence_interval":{"confidence_level":0.95,"lower_bound":937.9741082744885,"upper_bound":939.6180000775288},"point_estimate":938.3949457281207,"standard_error":0.4444077608964745},"median_abs_dev":{"confidence_interval":{"confidence_level":0.95,"lower_bound":1.2682246737158527,"upper_bound":3.7748621079877163},"point_estimate":2.0661586001791235,"standard_error":0.7014796808866433},"slope":{"confidence_interval":{"confidence_level":0.95,"lower_bound":941.0949729527691,"upper_bound":946.8213484369949},"point_estimate":943.7626827575783,"standard_error":1.4695020384501287},"std_dev":{"confidence_interval":{"confidence_level":0.95,"lower_bound":9.376330974914472,"upper_bound":101.02986520087643},"point_estimate":59.65339442919618,"standard_error":31.83043325370135}}