{"mean":{"confidence_interval":{"confidence_level":0.95,"lower_bound":26292.55358860034,"upper_bound":27031.801680499528},"point_estimate":26560.6762622753,"standard_error":212.7635175859915},"median":{"confidence_interval":{"confidence_level":0.95,"lower_bound":26131.354066985645,"upper_bound":26162.015429197992},"point_estimate":26136.403162511542,"standard_error":9.682206197715214},"median_abs_dev":{"confidence_interval":{"confidence_level":0.95,"lower_bound":10.876765194915446,"upper_bound":62.210030071550065},"point_estimate":18.76059306930443,"standard_error":14.787950273464164},"slope":{"confidence_interval":{"confidence_level":0.95,"lower_bound":26225.383840446175,"upper_bound":26417.889095268347},"point_estimate":26314.91550426606,"standard_error":49.34323678821757},"std_dev":{"confidence_interval":{"confidence_level":0.95,"lower_bound":326.381772986374,"upper_bound":3610.329141752613},"point_estimate":2129.5169757613803,"standard_error":1146.198874151265}}