{"mean":{"confidence_interval":{"confidence_level":0.95,"lower_bound":321.7007322694525,"upper_bound":323.031508577564},"point_estimate":322.2410103384367,"standard_error":0.3458705882639232},"median":{"confidence_interval":{"confidence_level":0.95,"lower_bound":321.3400821977071,"upper_bound":321.75438490775934},"point_estimate":321.5593789187235,"standard_error":0.08953270897611192},"median_abs_dev":{"confidence_interval":{"confidence_level":0.95,"lower_bound":0.6092867181037368,"upper_bound":0.9596054428826348},"point_estimate":0.7382653105479152,"standard_error":0.09130792065228104},"slope":{"confidence_interval":{"confidence_level":0.95,"lower_bound":321.2859660297819,"upper_bound":321.62575974830054},"point_estimate":321.4449064806332,"standard_error":0.0864958838454465},"std_dev":{"confidence_interval":{"confidence_level":0.95,"lower_bound":1.1214757601282621,"upper_bound":5.605170695966337},"point_estimate":3.48438294476168,"standard_error":1.358931109758161}}