{"mean":{"confidence_interval":{"confidence_level":0.95,"lower_bound":241.91124403317616,"upper_bound":245.23907527079982},"point_estimate":243.0675542493258,"standard_error":1.0345312692425215},"median":{"confidence_interval":{"confidence_level":0.95,"lower_bound":241.5649864959003,"upper_bound":241.81907669760625},"point_estimate":241.6699531495956,"standard_error":0.07266023855187977},"median_abs_dev":{"confidence_interval":{"confidence_level":0.95,"lower_bound":0.3671327771185848,"upper_bound":0.7873604432003436},"point_estimate":0.5411741843566502,"standard_error":0.11484102259853068},"slope":{"confidence_interval":{"confidence_level":0.95,"lower_bound":241.5863845491686,"upper_bound":241.72752886042667},"point_estimate":241.6532642918026,"standard_error":0.036237599014984315},"std_dev":{"confidence_interval":{"confidence_level":0.95,"lower_bound":0.7408375376628415,"upper_bound":17.755027632214958},"point_estimate":10.369570114130862,"standard_error":6.144431884110637}}