{"mean":{"confidence_interval":{"confidence_level":0.95,"lower_bound":12017.64662564908,"upper_bound":12356.721238046692},"point_estimate":12141.612770069434,"standard_error":96.6949329254306},"median":{"confidence_interval":{"confidence_level":0.95,"lower_bound":11953.492987804879,"upper_bound":11971.800285080773},"point_estimate":11960.390328106852,"standard_error":4.706494779287385},"median_abs_dev":{"confidence_interval":{"confidence_level":0.95,"lower_bound":27.779326452259635,"upper_bound":66.29250657852066},"point_estimate":38.519769315311926,"standard_error":10.27334876926796},"slope":{"confidence_interval":{"confidence_level":0.95,"lower_bound":11975.368672663157,"upper_bound":12044.824761062338},"point_estimate":12006.984725623272,"standard_error":17.722939401830445},"std_dev":{"confidence_interval":{"confidence_level":0.95,"lower_bound":150.7949132288779,"upper_bound":1646.2621546772198},"point_estimate":972.6452065913907,"standard_error":516.0877774961755}}