{"mean":{"confidence_interval":{"confidence_level":0.95,"lower_bound":9327.341115509967,"upper_bound":9337.198380533937},"point_estimate":9332.10784967162,"standard_error":2.5073496635664965},"median":{"confidence_interval":{"confidence_level":0.95,"lower_bound":9325.869548286604,"upper_bound":9338.683123633335},"point_estimate":9332.607352956991,"standard_error":3.5101553232754235},"median_abs_dev":{"confidence_interval":{"confidence_level":0.95,"lower_bound":14.149935791518624,"upper_bound":24.801792967644637},"point_estimate":19.25207615115847,"standard_error":2.6997800757239436},"slope":{"confidence_interval":{"confidence_level":0.95,"lower_bound":9334.36672039396,"upper_bound":9340.82299843016},"point_estimate":9337.863867366232,"standard_error":1.6434241917717058},"std_dev":{"confidence_interval":{"confidence_level":0.95,"lower_bound":18.43162275528567,"upper_bound":31.750500330480534},"point_estimate":25.145296706961084,"standard_error":3.441915756338112}}