{"mean":{"confidence_interval":{"confidence_level":0.95,"lower_bound":476.24643250953983,"upper_bound":484.8434450725177},"point_estimate":479.2879427225868,"standard_error":2.572478198778825},"median":{"confidence_interval":{"confidence_level":0.95,"lower_bound":475.6823398225707,"upper_bound":476.0835111368123},"point_estimate":475.7862685033488,"standard_error":0.11489659640651383},"median_abs_dev":{"confidence_interval":{"confidence_level":0.95,"lower_bound":0.4969917609701395,"upper_bound":0.8581269582966077},"point_estimate":0.6173833370167334,"standard_error":0.08927942816037931},"slope":{"confidence_interval":{"confidence_level":0.95,"lower_bound":476.183872635673,"upper_bound":477.79413512832224},"point_estimate":476.9340477710839,"standard_error":0.41086949921442323},"std_dev":{"confidence_interval":{"confidence_level":0.95,"lower_bound":2.2840538395430063,"upper_bound":44.04461729188081},"point_estimate":25.822323896630547,"standard_error":14.693406240428066}}