{"mean":{"confidence_interval":{"confidence_level":0.95,"lower_bound":8275.341321990098,"upper_bound":8431.04641792657},"point_estimate":8331.204532153113,"standard_error":45.602629567234146},"median":{"confidence_interval":{"confidence_level":0.95,"lower_bound":8268.959722222222,"upper_bound":8274.438762626263},"point_estimate":8271.219356060607,"standard_error":1.5452782546476451},"median_abs_dev":{"confidence_interval":{"confidence_level":0.95,"lower_bound":7.150189642667024,"upper_bound":13.372018285884833},"point_estimate":8.774881476646312,"standard_error":1.6280485374702574},"slope":{"confidence_interval":{"confidence_level":0.95,"lower_bound":8267.245719441256,"upper_bound":8279.670823646038},"point_estimate":8272.522994680065,"standard_error":3.185795435251555},"std_dev":{"confidence_interval":{"confidence_level":0.95,"lower_bound":44.14792901160215,"upper_bound":779.8909410957743},"point_estimate":458.76103339605606,"standard_error":253.73449927748982}}