{"mean":{"confidence_interval":{"confidence_level":0.95,"lower_bound":12348.088526171543,"upper_bound":12604.726875482796},"point_estimate":12445.598133084648,"standard_error":69.68859816562447},"median":{"confidence_interval":{"confidence_level":0.95,"lower_bound":12257.170731707318,"upper_bound":12293.499966962267},"point_estimate":12264.481919271519,"standard_error":11.035833142244453},"median_abs_dev":{"confidence_interval":{"confidence_level":0.95,"lower_bound":15.024629584550214,"upper_bound":67.3472141040492},"point_estimate":29.277644933992246,"standard_error":15.196786002884343},"slope":{"confidence_interval":{"confidence_level":0.95,"lower_bound":12310.19815720341,"upper_bound":12402.37675241585},"point_estimate":12353.407434262497,"standard_error":23.58878461819085},"std_dev":{"confidence_interval":{"confidence_level":0.95,"lower_bound":170.08134343615797,"upper_bound":1168.9572932742658},"point_estimate":701.4154562269777,"standard_error":338.11647222004854}}