{"mean":{"confidence_interval":{"confidence_level":0.95,"lower_bound":282881.7149660676,"upper_bound":290210.5698926968},"point_estimate":285521.8681430114,"standard_error":2129.7758463295877},"median":{"confidence_interval":{"confidence_level":0.95,"lower_bound":281935.64130434784,"upper_bound":282245.76565934066},"point_estimate":282101.26838541665,"standard_error":87.2769070490924},"median_abs_dev":{"confidence_interval":{"confidence_level":0.95,"lower_bound":672.0787840057251,"upper_bound":1272.9269283160445},"point_estimate":939.2082874357509,"standard_error":163.18553678732735},"slope":{"confidence_interval":{"confidence_level":0.95,"lower_bound":281841.7683352093,"upper_bound":282383.1366999581},"point_estimate":282089.2740667947,"standard_error":138.28119723945085},"std_dev":{"confidence_interval":{"confidence_level":0.95,"lower_bound":2361.134791387744,"upper_bound":36453.833515790495},"point_estimate":21444.239300061567,"standard_error":11737.892374607338}}