{"mean":{"confidence_interval":{"confidence_level":0.95,"lower_bound":77.28160264557995,"upper_bound":87.8165994795979},"point_estimate":81.79320169926991,"standard_error":2.7174372976106698},"median":{"confidence_interval":{"confidence_level":0.95,"lower_bound":76.0483961280585,"upper_bound":76.2814587338094},"point_estimate":76.17767489666453,"standard_error":0.05760232659104768},"median_abs_dev":{"confidence_interval":{"confidence_level":0.95,"lower_bound":0.7499380860444228,"upper_bound":4.559289420237697},"point_estimate":1.4715888644821598,"standard_error":1.0099003908730786},"slope":{"confidence_interval":{"confidence_level":0.95,"lower_bound":80.78623748853082,"upper_bound":105.55506495923454},"point_estimate":91.6354231680301,"standard_error":6.396119977331839},"std_dev":{"confidence_interval":{"confidence_level":0.95,"lower_bound":10.523468936963667,"upper_bound":41.96763389151521},"point_estimate":27.30711553892763,"standard_error":8.57245750506502}}