{"mean":{"confidence_interval":{"confidence_level":0.95,"lower_bound":4292.379235631055,"upper_bound":4397.2904590919925},"point_estimate":4330.655014371743,"standard_error":30.02278664483803},"median":{"confidence_interval":{"confidence_level":0.95,"lower_bound":4280.413610586012,"upper_bound":4283.93392955421},"point_estimate":4281.845573867602,"standard_error":0.8068014087972939},"median_abs_dev":{"confidence_interval":{"confidence_level":0.95,"lower_bound":6.627327584304745,"upper_bound":12.740056295095453},"point_estimate":9.108737399736624,"standard_error":1.5560860336754367},"slope":{"confidence_interval":{"confidence_level":0.95,"lower_bound":4282.141389144881,"upper_bound":4289.209799274579},"point_estimate":4285.12241369562,"standard_error":1.8117346882909529},"std_dev":{"confidence_interval":{"confidence_level":0.95,"lower_bound":39.81866081991506,"upper_bound":513.1434546623354},"point_estimate":302.8339138047248,"standard_error":161.84289122891542}}