{"mean":{"confidence_interval":{"confidence_level":0.95,"lower_bound":10287.509766976254,"upper_bound":10582.102601626066},"point_estimate":10395.955706083252,"standard_error":82.74127525165176},"median":{"confidence_interval":{"confidence_level":0.95,"lower_bound":10218.618254620927,"upper_bound":10234.871336656779},"point_estimate":10221.91237909226,"standard_error":5.119328883691438},"median_abs_dev":{"confidence_interval":{"confidence_level":0.95,"lower_bound":12.313211734255495,"upper_bound":75.35774388496698},"point_estimate":35.39728840180046,"standard_error":18.93868281019077},"slope":{"confidence_interval":{"confidence_level":0.95,"lower_bound":10251.384615528123,"upper_bound":10317.607406666815},"point_estimate":10282.330133860401,"standard_error":16.949859990629857},"std_dev":{"confidence_interval":{"confidence_level":0.95,"lower_bound":138.07310559816463,"upper_bound":1409.4162460262667},"point_estimate":834.7306790828782,"standard_error":433.0503499985547}}