{"mean":{"confidence_interval":{"confidence_level":0.95,"lower_bound":108304.28524435856,"upper_bound":108673.1097242231},"point_estimate":108473.72180393735,"standard_error":93.78554454965169},"median":{"confidence_interval":{"confidence_level":0.95,"lower_bound":108364.77700668896,"upper_bound":108452.19861111112},"point_estimate":108409.18938030984,"standard_error":24.24981289974699},"median_abs_dev":{"confidence_interval":{"confidence_level":0.95,"lower_bound":145.40746503466272,"upper_bound":271.8012210353487},"point_estimate":198.56992513380925,"standard_error":30.956293828535767},"slope":{"confidence_interval":{"confidence_level":0.95,"lower_bound":108264.80025263023,"upper_bound":108390.55806695361},"point_estimate":108326.26578158712,"standard_error":32.04853731529101},"std_dev":{"confidence_interval":{"confidence_level":0.95,"lower_bound":445.7134165185953,"upper_bound":1409.9808397175284},"point_estimate":947.923069272789,"standard_error":256.61659089681075}}