{"mean":{"confidence_interval":{"confidence_level":0.95,"lower_bound":105522.79072427329,"upper_bound":105914.65611034677},"point_estimate":105687.68346260926,"standard_error":101.5435742857273},"median":{"confidence_interval":{"confidence_level":0.95,"lower_bound":105433.63895881007,"upper_bound":105518.77789855073},"point_estimate":105473.19493265994,"standard_error":22.286869314573767},"median_abs_dev":{"confidence_interval":{"confidence_level":0.95,"lower_bound":171.05357918279643,"upper_bound":363.13004051375094},"point_estimate":286.37870204075944,"standard_error":52.18661615677318},"slope":{"confidence_interval":{"confidence_level":0.95,"lower_bound":105378.70324738874,"upper_bound":105509.46319440125},"point_estimate":105440.43748071523,"standard_error":33.355509974139906},"std_dev":{"confidence_interval":{"confidence_level":0.95,"lower_bound":318.1812861950132,"upper_bound":1608.69019606436},"point_estimate":1021.5662926178204,"standard_error":357.50493119135416}}