{"mean":{"confidence_interval":{"confidence_level":0.95,"lower_bound":269868.36042060546,"upper_bound":270936.7837923559},"point_estimate":270334.2601807732,"standard_error":275.6730226593799},"median":{"confidence_interval":{"confidence_level":0.95,"lower_bound":269637.1510416667,"upper_bound":269849.95846394985},"point_estimate":269722.71458333335,"standard_error":54.62080562082782},"median_abs_dev":{"confidence_interval":{"confidence_level":0.95,"lower_bound":396.9100108620726,"upper_bound":658.6221669822723},"point_estimate":531.1892693952011,"standard_error":67.52458470546001},"slope":{"confidence_interval":{"confidence_level":0.95,"lower_bound":269488.0778856755,"upper_bound":269820.2085971993},"point_estimate":269643.8869580316,"standard_error":84.97560910877108},"std_dev":{"confidence_interval":{"confidence_level":0.95,"lower_bound":902.4477127369514,"upper_bound":4097.718517683923},"point_estimate":2764.781752668006,"standard_error":788.0790173275933}}