{"mean":{"confidence_interval":{"confidence_level":0.95,"lower_bound":11071.020547363893,"upper_bound":11087.001782283209},"point_estimate":11078.406916126927,"standard_error":4.103750517918389},"median":{"confidence_interval":{"confidence_level":0.95,"lower_bound":11065.52474074074,"upper_bound":11071.262918340028},"point_estimate":11068.11626984127,"standard_error":1.343852310566507},"median_abs_dev":{"confidence_interval":{"confidence_level":0.95,"lower_bound":8.157782854909224,"upper_bound":15.503631635400104},"point_estimate":11.586174039884577,"standard_error":1.85113660254358},"slope":{"confidence_interval":{"confidence_level":0.95,"lower_bound":11064.25189948895,"upper_bound":11068.574396201822},"point_estimate":11066.432271382362,"standard_error":1.1025506779182344},"std_dev":{"confidence_interval":{"confidence_level":0.95,"lower_bound":24.278821202048313,"upper_bound":57.84510329207803},"point_estimate":41.21053162069366,"standard_error":8.91951159591209}}