{"mean":{"confidence_interval":{"confidence_level":0.95,"lower_bound":43690.90739469875,"upper_bound":43817.07859552437},"point_estimate":43743.7858192415,"standard_error":32.841614117782534},"median":{"confidence_interval":{"confidence_level":0.95,"lower_bound":43654.16950220542,"upper_bound":43702.24456521739},"point_estimate":43679.50953542431,"standard_error":12.26750382289292},"median_abs_dev":{"confidence_interval":{"confidence_level":0.95,"lower_bound":69.06538033423789,"upper_bound":119.64578997073846},"point_estimate":88.38818978524971,"standard_error":13.10202355608893},"slope":{"confidence_interval":{"confidence_level":0.95,"lower_bound":43637.23686180763,"upper_bound":43678.966906619826},"point_estimate":43656.3631491702,"standard_error":10.64932493675744},"std_dev":{"confidence_interval":{"confidence_level":0.95,"lower_bound":112.91148449055153,"upper_bound":520.7243026521897},"point_estimate":330.51751104019763,"standard_error":116.0967412379828}}