{"mean":{"confidence_interval":{"confidence_level":0.95,"lower_bound":14021.017739373441,"upper_bound":14252.374792534469},"point_estimate":14100.56536009715,"standard_error":72.98540432452354},"median":{"confidence_interval":{"confidence_level":0.95,"lower_bound":14021.33182511615,"upper_bound":14024.37554112554},"point_estimate":14022.13620671054,"standard_error":0.8229478381225082},"median_abs_dev":{"confidence_interval":{"confidence_level":0.95,"lower_bound":3.047633468622399,"upper_bound":7.3934337897332965},"point_estimate":4.041494214983887,"standard_error":1.186206281131312},"slope":{"confidence_interval":{"confidence_level":0.95,"lower_bound":14027.446744325835,"upper_bound":14036.338278677726},"point_estimate":14031.372798170149,"standard_error":2.2785523089160797},"std_dev":{"confidence_interval":{"confidence_level":0.95,"lower_bound":31.981398099713967,"upper_bound":1252.8915659241975},"point_estimate":731.1421163506785,"standard_error":439.67768581539775}}