{"mean":{"confidence_interval":{"confidence_level":0.95,"lower_bound":14013.544560254353,"upper_bound":14318.561072600609},"point_estimate":14122.946100211237,"standard_error":87.9384164280201},"median":{"confidence_interval":{"confidence_level":0.95,"lower_bound":14008.30564351083,"upper_bound":14012.04740621955},"point_estimate":14010.27239914341,"standard_error":1.0202083519365057},"median_abs_dev":{"confidence_interval":{"confidence_level":0.95,"lower_bound":6.382440223334178,"upper_bound":12.896847658818379},"point_estimate":8.783837644551555,"standard_error":1.7633299049245297},"slope":{"confidence_interval":{"confidence_level":0.95,"lower_bound":14020.871984605224,"upper_bound":14084.404207568889},"point_estimate":14049.237673566024,"standard_error":16.327916112411476},"std_dev":{"confidence_interval":{"confidence_level":0.95,"lower_bound":85.58427821739751,"upper_bound":1496.410022529571},"point_estimate":881.2202993066649,"standard_error":479.7724697062222}}