{"mean":{"confidence_interval":{"confidence_level":0.95,"lower_bound":13883.336343632684,"upper_bound":14361.716132351066},"point_estimate":14051.354400021779,"standard_error":146.21022370591822},"median":{"confidence_interval":{"confidence_level":0.95,"lower_bound":13846.116232750035,"upper_bound":13850.374597290487},"point_estimate":13848.14411289442,"standard_error":1.13348414605167},"median_abs_dev":{"confidence_interval":{"confidence_level":0.95,"lower_bound":7.7358414351495695,"upper_bound":15.051817534029233},"point_estimate":10.004608120870289,"standard_error":1.8377024112678033},"slope":{"confidence_interval":{"confidence_level":0.95,"lower_bound":13855.377722377434,"upper_bound":13890.14650739441},"point_estimate":13870.399033919788,"standard_error":8.899623432193025},"std_dev":{"confidence_interval":{"confidence_level":0.95,"lower_bound":99.926270480997,"upper_bound":2516.7082969841113},"point_estimate":1472.186755735304,"standard_error":857.0769069120743}}