{"mean":{"confidence_interval":{"confidence_level":0.95,"lower_bound":271.79154138041883,"upper_bound":278.0651591404192},"point_estimate":274.0832065466246,"standard_error":1.7844655864229297},"median":{"confidence_interval":{"confidence_level":0.95,"lower_bound":270.77690032290064,"upper_bound":271.7093982051276},"point_estimate":271.1117039258452,"standard_error":0.26330120350602715},"median_abs_dev":{"confidence_interval":{"confidence_level":0.95,"lower_bound":1.6923617443198966,"upper_bound":3.1531296126691384},"point_estimate":2.4919937046116614,"standard_error":0.364338443431186},"slope":{"confidence_interval":{"confidence_level":0.95,"lower_bound":271.747554228291,"upper_bound":273.53087715152293},"point_estimate":272.6153743437707,"standard_error":0.45567750644036603},"std_dev":{"confidence_interval":{"confidence_level":0.95,"lower_bound":3.052835683904574,"upper_bound":30.35013697823495},"point_estimate":17.931428204163907,"standard_error":9.50828818109142}}