{"mean":{"confidence_interval":{"confidence_level":0.95,"lower_bound":194507.29426079488,"upper_bound":195677.15033830903},"point_estimate":195072.83722667253,"standard_error":296.85965140638706},"median":{"confidence_interval":{"confidence_level":0.95,"lower_bound":193857.95111111112,"upper_bound":194529.6156862745},"point_estimate":194349.74398812468,"standard_error":195.59007395936302},"median_abs_dev":{"confidence_interval":{"confidence_level":0.95,"lower_bound":1392.9459409416884,"upper_bound":2751.5608211500703},"point_estimate":2103.8336342586904,"standard_error":342.6044893038382},"slope":{"confidence_interval":{"confidence_level":0.95,"lower_bound":193440.2864151667,"upper_bound":194948.62776216917},"point_estimate":194145.76769439928,"standard_error":385.5629221350147},"std_dev":{"confidence_interval":{"confidence_level":0.95,"lower_bound":2402.2455153459982,"upper_bound":3498.536097557779},"point_estimate":2981.3272706828166,"standard_error":280.4560837518192}}