{"mean":{"confidence_interval":{"confidence_level":0.95,"lower_bound":232.9590729394918,"upper_bound":233.57782105737027},"point_estimate":233.22677990369695,"standard_error":0.16070937897867243},"median":{"confidence_interval":{"confidence_level":0.95,"lower_bound":232.8074873158596,"upper_bound":233.0068819090328},"point_estimate":232.92059590973201,"standard_error":0.05137722945798921},"median_abs_dev":{"confidence_interval":{"confidence_level":0.95,"lower_bound":0.2700718356976138,"upper_bound":0.5598570105092283},"point_estimate":0.36505502122828665,"standard_error":0.07336522918585632},"slope":{"confidence_interval":{"confidence_level":0.95,"lower_bound":232.71999875621555,"upper_bound":232.9397678622724},"point_estimate":232.8244507739619,"standard_error":0.056208703626029144},"std_dev":{"confidence_interval":{"confidence_level":0.95,"lower_bound":0.6103843980800759,"upper_bound":2.4901667077507517},"point_estimate":1.614051812286162,"standard_error":0.5214378629039222}}