{"mean":{"confidence_interval":{"confidence_level":0.95,"lower_bound":398.3782849735632,"upper_bound":400.9110975413236},"point_estimate":399.5100834629154,"standard_error":0.6532041765234328},"median":{"confidence_interval":{"confidence_level":0.95,"lower_bound":397.2985335476095,"upper_bound":397.8467183883516},"point_estimate":397.6028835364216,"standard_error":0.1484241002246595},"median_abs_dev":{"confidence_interval":{"confidence_level":0.95,"lower_bound":1.2127722678052544,"upper_bound":2.9067983517991705},"point_estimate":2.3132529560516217,"standard_error":0.459562996733792},"slope":{"confidence_interval":{"confidence_level":0.95,"lower_bound":397.3176426538232,"upper_bound":398.30891822588495},"point_estimate":397.77412469454043,"standard_error":0.2528168363822442},"std_dev":{"confidence_interval":{"confidence_level":0.95,"lower_bound":3.0744970252207775,"upper_bound":9.630276756048817},"point_estimate":6.5815598320155155,"standard_error":1.6983323436825777}}