{"mean":{"confidence_interval":{"confidence_level":0.95,"lower_bound":42543.62100514181,"upper_bound":43153.786145467486},"point_estimate":42765.47509010178,"standard_error":175.98286197052306},"median":{"confidence_interval":{"confidence_level":0.95,"lower_bound":42481.90277777778,"upper_bound":42504.80225317029},"point_estimate":42492.780844155845,"standard_error":7.525143406703387},"median_abs_dev":{"confidence_interval":{"confidence_level":0.95,"lower_bound":38.26635153563802,"upper_bound":82.57488488269452},"point_estimate":59.20970516094141,"standard_error":11.953671595934352},"slope":{"confidence_interval":{"confidence_level":0.95,"lower_bound":42501.41214420815,"upper_bound":42559.44540919002},"point_estimate":42525.983712255555,"standard_error":14.896968860946725},"std_dev":{"confidence_interval":{"confidence_level":0.95,"lower_bound":209.90043413725658,"upper_bound":3026.6292391468},"point_estimate":1784.4006095658203,"standard_error":965.1214784965717}}