{"mean":{"confidence_interval":{"confidence_level":0.95,"lower_bound":372.73892980297654,"upper_bound":375.46692790847413},"point_estimate":374.017086595562,"standard_error":0.6973153886868056},"median":{"confidence_interval":{"confidence_level":0.95,"lower_bound":371.9532366696169,"upper_bound":373.5711617482256},"point_estimate":372.56060556680626,"standard_error":0.39586862341454504},"median_abs_dev":{"confidence_interval":{"confidence_level":0.95,"lower_bound":2.467728160500602,"upper_bound":4.460476920836132},"point_estimate":3.5391612509320725,"standard_error":0.508060980309477},"slope":{"confidence_interval":{"confidence_level":0.95,"lower_bound":372.0801847945139,"upper_bound":376.8000792394853},"point_estimate":374.25699912101726,"standard_error":1.2080524138365194},"std_dev":{"confidence_interval":{"confidence_level":0.95,"lower_bound":4.624963474480526,"upper_bound":9.220999855555432},"point_estimate":7.006126932811823,"standard_error":1.189492707974285}}