{"mean":{"confidence_interval":{"confidence_level":0.95,"lower_bound":12961.554602376635,"upper_bound":13010.381579270712},"point_estimate":12982.628134055116,"standard_error":12.611961871908868},"median":{"confidence_interval":{"confidence_level":0.95,"lower_bound":12941.589239332097,"upper_bound":12960.755419469842},"point_estimate":12947.45948203843,"standard_error":4.619189281930062},"median_abs_dev":{"confidence_interval":{"confidence_level":0.95,"lower_bound":19.743256339183002,"upper_bound":38.46968470847106},"point_estimate":25.979816573984184,"standard_error":4.884845919068415},"slope":{"confidence_interval":{"confidence_level":0.95,"lower_bound":12945.461474412083,"upper_bound":12977.91909925786},"point_estimate":12958.935218046325,"standard_error":8.44464501711104},"std_dev":{"confidence_interval":{"confidence_level":0.95,"lower_bound":53.3534348636246,"upper_bound":194.4890606358646},"point_estimate":127.03593356100038,"standard_error":39.55242208570039}}