{"mean":{"confidence_interval":{"confidence_level":0.95,"lower_bound":38352.18144720296,"upper_bound":39072.30857399567},"point_estimate":38611.98953109695,"standard_error":211.60759146928942},"median":{"confidence_interval":{"confidence_level":0.95,"lower_bound":38287.32802197802,"upper_bound":38308.60865384615},"point_estimate":38293.59225872507,"standard_error":5.413555912864266},"median_abs_dev":{"confidence_interval":{"confidence_level":0.95,"lower_bound":25.00376568374781,"upper_bound":52.02609990476411},"point_estimate":41.30617678857527,"standard_error":6.784110325436692},"slope":{"confidence_interval":{"confidence_level":0.95,"lower_bound":38358.36490125767,"upper_bound":38522.30043171574},"point_estimate":38435.085796910345,"standard_error":42.1846591277584},"std_dev":{"confidence_interval":{"confidence_level":0.95,"lower_bound":248.98443001725252,"upper_bound":3629.3065082912826},"point_estimate":2134.0210461909232,"standard_error":1179.212938407501}}