{"mean":{"confidence_interval":{"confidence_level":0.95,"lower_bound":900.8385579559645,"upper_bound":905.3028915830463},"point_estimate":902.689965296548,"standard_error":1.1624187564053128},"median":{"confidence_interval":{"confidence_level":0.95,"lower_bound":900.0672548166317,"upper_bound":900.7139357457829},"point_estimate":900.286666200042,"standard_error":0.1602192866238268},"median_abs_dev":{"confidence_interval":{"confidence_level":0.95,"lower_bound":1.1780487760929712,"upper_bound":2.3391660436217423},"point_estimate":1.7767882427032202,"standard_error":0.2853588572607023},"slope":{"confidence_interval":{"confidence_level":0.95,"lower_bound":899.775987320535,"upper_bound":903.3839833513663},"point_estimate":901.0386731169959,"standard_error":0.9825699718321129},"std_dev":{"confidence_interval":{"confidence_level":0.95,"lower_bound":2.6646171027929135,"upper_bound":18.558988050025025},"point_estimate":11.61579998215034,"standard_error":4.293775770688804}}