{"mean":{"confidence_interval":{"confidence_level":0.95,"lower_bound":80682.81776289483,"upper_bound":83042.07944104393},"point_estimate":81552.57449562583,"standard_error":668.2377644802804},"median":{"confidence_interval":{"confidence_level":0.95,"lower_bound":80142.90598290598,"upper_bound":80216.1770682148},"point_estimate":80167.71672053437,"standard_error":19.044630068330473},"median_abs_dev":{"confidence_interval":{"confidence_level":0.95,"lower_bound":114.73789603991791,"upper_bound":443.07324390503953},"point_estimate":243.9666574560639,"standard_error":86.5357015739679},"slope":{"confidence_interval":{"confidence_level":0.95,"lower_bound":80425.55209570783,"upper_bound":81089.64910251499},"point_estimate":80736.5835536711,"standard_error":169.95461881644323},"std_dev":{"confidence_interval":{"confidence_level":0.95,"lower_bound":1227.6188601210545,"upper_bound":11375.20191289523},"point_estimate":6735.351313557329,"standard_error":3519.842583774726}}