{"mean":{"confidence_interval":{"confidence_level":0.95,"lower_bound":373.47588833130936,"upper_bound":380.7214710530015},"point_estimate":376.1590666992435,"standard_error":2.046890597205844},"median":{"confidence_interval":{"confidence_level":0.95,"lower_bound":372.04980320190623,"upper_bound":373.3548967637036},"point_estimate":372.37750495649817,"standard_error":0.44637872569588705},"median_abs_dev":{"confidence_interval":{"confidence_level":0.95,"lower_bound":1.4008843513126068,"upper_bound":3.120314304528791},"point_estimate":2.1048729188251656,"standard_error":0.5118610948886184},"slope":{"confidence_interval":{"confidence_level":0.95,"lower_bound":372.98261737493294,"upper_bound":374.89733946589234},"point_estimate":373.8888483786637,"standard_error":0.4889487912938179},"std_dev":{"confidence_interval":{"confidence_level":0.95,"lower_bound":3.131481094850812,"upper_bound":34.75417944187533},"point_estimate":20.590462825568093,"standard_error":10.699727969665457}}