{"mean":{"confidence_interval":{"confidence_level":0.95,"lower_bound":201597.54770186622,"upper_bound":203308.46652395674},"point_estimate":202430.74102554872,"standard_error":439.43684246191316},"median":{"confidence_interval":{"confidence_level":0.95,"lower_bound":199283.77333333335,"upper_bound":203641.93004273504},"point_estimate":201954.5657142857,"standard_error":1395.053245852949},"median_abs_dev":{"confidence_interval":{"confidence_level":0.95,"lower_bound":2221.307646230621,"upper_bound":6743.352387092364},"point_estimate":4564.318431215496,"standard_error":1280.5779897622272},"slope":{"confidence_interval":{"confidence_level":0.95,"lower_bound":201954.7850151095,"upper_bound":204181.87385968238},"point_estimate":203053.82860706368,"standard_error":570.9675135745141},"std_dev":{"confidence_interval":{"confidence_level":0.95,"lower_bound":3652.3922801854596,"upper_bound":5142.849203502079},"point_estimate":4414.676470240905,"standard_error":382.5831040986764}}