{"mean":{"confidence_interval":{"confidence_level":0.95,"lower_bound":539194.6610355898,"upper_bound":540657.19890587},"point_estimate":539834.1821749937,"standard_error":377.35503506858566},"median":{"confidence_interval":{"confidence_level":0.95,"lower_bound":538848.9640533507,"upper_bound":539273.5942462601},"point_estimate":539093.2915959253,"standard_error":121.2572912116139},"median_abs_dev":{"confidence_interval":{"confidence_level":0.95,"lower_bound":913.8954946709183,"upper_bound":1661.925669415121},"point_estimate":1243.6236056148744,"standard_error":188.89193164299868},"slope":{"confidence_interval":{"confidence_level":0.95,"lower_bound":538550.1242183446,"upper_bound":539035.2041222587},"point_estimate":538778.7461489582,"standard_error":123.61008728805498},"std_dev":{"confidence_interval":{"confidence_level":0.95,"lower_bound":1621.8568422132257,"upper_bound":5726.200847641999},"point_estimate":3816.7275915150085,"standard_error":1081.1727669255922}}