{"mean":{"confidence_interval":{"confidence_level":0.95,"lower_bound":101418.21857192156,"upper_bound":101921.14441846908},"point_estimate":101636.90293542149,"standard_error":129.38611861178848},"median":{"confidence_interval":{"confidence_level":0.95,"lower_bound":101313.9768361582,"upper_bound":101386.70952380952},"point_estimate":101355.13074712644,"standard_error":19.15633756303972},"median_abs_dev":{"confidence_interval":{"confidence_level":0.95,"lower_bound":126.51899929229305,"upper_bound":266.5653240547498},"point_estimate":165.66497352944756,"standard_error":36.61447501687917},"slope":{"confidence_interval":{"confidence_level":0.95,"lower_bound":101215.26184242565,"upper_bound":101344.9592752523},"point_estimate":101275.6423203783,"standard_error":33.0022041171993},"std_dev":{"confidence_interval":{"confidence_level":0.95,"lower_bound":403.9962684047462,"upper_bound":1941.788773846303},"point_estimate":1300.7626084988178,"standard_error":382.6868922370823}}