{"mean":{"confidence_interval":{"confidence_level":0.95,"lower_bound":389179.64160542557,"upper_bound":390545.92269342334},"point_estimate":389741.4388932576,"standard_error":355.5763612530006},"median":{"confidence_interval":{"confidence_level":0.95,"lower_bound":389072.6338797814,"upper_bound":389253.0111111111},"point_estimate":389148.19724988146,"standard_error":38.25037395004158},"median_abs_dev":{"confidence_interval":{"confidence_level":0.95,"lower_bound":299.79628057224556,"upper_bound":839.9793434234559},"point_estimate":468.3887264460837,"standard_error":124.23095994128666},"slope":{"confidence_interval":{"confidence_level":0.95,"lower_bound":388693.09091406007,"upper_bound":388994.5705611243},"point_estimate":388831.5343845131,"standard_error":77.01917916724338},"std_dev":{"confidence_interval":{"confidence_level":0.95,"lower_bound":874.682421415393,"upper_bound":5732.159811633247},"point_estimate":3573.2053520340664,"standard_error":1351.979287157428}}