{"mean":{"confidence_interval":{"confidence_level":0.95,"lower_bound":24426.964996730687,"upper_bound":24513.66958605504},"point_estimate":24463.7600875592,"standard_error":22.435116810244836},"median":{"confidence_interval":{"confidence_level":0.95,"lower_bound":24405.735913181896,"upper_bound":24425.17770034843},"point_estimate":24415.371698124927,"standard_error":5.0135318465186955},"median_abs_dev":{"confidence_interval":{"confidence_level":0.95,"lower_bound":35.00473640293204,"upper_bound":70.60370094165452},"point_estimate":48.12361483617201,"standard_error":8.727682275830805},"slope":{"confidence_interval":{"confidence_level":0.95,"lower_bound":24392.731163271546,"upper_bound":24444.936519691353},"point_estimate":24416.072506316523,"standard_error":13.412040002337779},"std_dev":{"confidence_interval":{"confidence_level":0.95,"lower_bound":81.2406049762878,"upper_bound":350.1507088243018},"point_estimate":225.3765814725927,"standard_error":74.97397934748972}}