{"mean":{"confidence_interval":{"confidence_level":0.95,"lower_bound":24419.28256897494,"upper_bound":24518.698514624804},"point_estimate":24461.776532839074,"standard_error":25.72688949109207},"median":{"confidence_interval":{"confidence_level":0.95,"lower_bound":24398.60735705718,"upper_bound":24418.32270478601},"point_estimate":24412.262749445676,"standard_error":4.727912788518735},"median_abs_dev":{"confidence_interval":{"confidence_level":0.95,"lower_bound":37.0062842968644,"upper_bound":68.30651419166064},"point_estimate":50.768514078938296,"standard_error":8.042269686748645},"slope":{"confidence_interval":{"confidence_level":0.95,"lower_bound":24384.733660161663,"upper_bound":24412.775784339854},"point_estimate":24397.552725673733,"standard_error":7.133092893857754},"std_dev":{"confidence_interval":{"confidence_level":0.95,"lower_bound":68.51912605152502,"upper_bound":399.47236355366795},"point_estimate":258.8205765616648,"standard_error":83.73264607704004}}