{"mean":{"confidence_interval":{"confidence_level":0.95,"lower_bound":1507.059357317046,"upper_bound":1527.276134802505},"point_estimate":1513.9576686999833,"standard_error":6.428347230921979},"median":{"confidence_interval":{"confidence_level":0.95,"lower_bound":1506.7413807817034,"upper_bound":1507.296224432048},"point_estimate":1506.9862287960623,"standard_error":0.12382137614079525},"median_abs_dev":{"confidence_interval":{"confidence_level":0.95,"lower_bound":0.8245024804245477,"upper_bound":1.4269448991455314},"point_estimate":1.130377980332475,"standard_error":0.15303133814005473},"slope":{"confidence_interval":{"confidence_level":0.95,"lower_bound":1506.884831280876,"upper_bound":1507.4736866523263},"point_estimate":1507.1614166653615,"standard_error":0.15026364941171202},"std_dev":{"confidence_interval":{"confidence_level":0.95,"lower_bound":1.558929061918264,"upper_bound":111.23975841715674},"point_estimate":64.90888427219471,"standard_error":39.349677370832694}}