{"mean":{"confidence_interval":{"confidence_level":0.95,"lower_bound":666001.7498015779,"upper_bound":668514.9476058508},"point_estimate":667040.3090495034,"standard_error":652.7911715314797},"median":{"confidence_interval":{"confidence_level":0.95,"lower_bound":665472.7916666666,"upper_bound":665873.6875},"point_estimate":665602.7391041162,"standard_error":100.49436630918034},"median_abs_dev":{"confidence_interval":{"confidence_level":0.95,"lower_bound":860.1271289554088,"upper_bound":1414.2295401274785},"point_estimate":1086.9198518866615,"standard_error":135.5192034440877},"slope":{"confidence_interval":{"confidence_level":0.95,"lower_bound":665201.8683458387,"upper_bound":665760.8824609406},"point_estimate":665460.0789182798,"standard_error":142.880277088334},"std_dev":{"confidence_interval":{"confidence_level":0.95,"lower_bound":2150.630922459883,"upper_bound":10432.570510830807},"point_estimate":6548.956175938587,"standard_error":2447.458786182445}}