{"mean":{"confidence_interval":{"confidence_level":0.95,"lower_bound":396.01244915957255,"upper_bound":397.65360508318224},"point_estimate":396.651653967962,"standard_error":0.43688510121333163},"median":{"confidence_interval":{"confidence_level":0.95,"lower_bound":395.76231816671304,"upper_bound":396.07140623542773},"point_estimate":395.90315220369706,"standard_error":0.08198730673315509},"median_abs_dev":{"confidence_interval":{"confidence_level":0.95,"lower_bound":0.5669922305552201,"upper_bound":0.9125167174800006},"point_estimate":0.7162955850004483,"standard_error":0.09045755543543388},"slope":{"confidence_interval":{"confidence_level":0.95,"lower_bound":395.5580150107832,"upper_bound":395.9369719103805},"point_estimate":395.73641205977395,"standard_error":0.09693364281013223},"std_dev":{"confidence_interval":{"confidence_level":0.95,"lower_bound":0.9846473960804134,"upper_bound":7.2498609277082},"point_estimate":4.395735859183354,"standard_error":1.9584782344067075}}