{"mean":{"confidence_interval":{"confidence_level":0.95,"lower_bound":39898.30509445334,"upper_bound":39934.82345924584},"point_estimate":39916.020510823124,"standard_error":9.313793008380685},"median":{"confidence_interval":{"confidence_level":0.95,"lower_bound":39909.347027027026,"upper_bound":39925.256410256414},"point_estimate":39918.568713119894,"standard_error":4.08789666177015},"median_abs_dev":{"confidence_interval":{"confidence_level":0.95,"lower_bound":26.112381240636598,"upper_bound":71.63828939482806},"point_estimate":37.44777969880638,"standard_error":11.90296544163672},"slope":{"confidence_interval":{"confidence_level":0.95,"lower_bound":39886.45060712359,"upper_bound":39913.72350178989},"point_estimate":39900.96893335303,"standard_error":7.005502317443461},"std_dev":{"confidence_interval":{"confidence_level":0.95,"lower_bound":69.73052604069738,"upper_bound":118.25931471851797},"point_estimate":93.3931600354138,"standard_error":12.647625736602373}}