{"mean":{"confidence_interval":{"confidence_level":0.95,"lower_bound":132.40776098280196,"upper_bound":136.1743102151132},"point_estimate":133.77044613167456,"standard_error":1.0790565181544618},"median":{"confidence_interval":{"confidence_level":0.95,"lower_bound":131.5876730834707,"upper_bound":131.96257890420887},"point_estimate":131.81759835287193,"standard_error":0.09637609744749624},"median_abs_dev":{"confidence_interval":{"confidence_level":0.95,"lower_bound":0.5342493696919789,"upper_bound":1.1590511710704543},"point_estimate":0.8593193975365742,"standard_error":0.16846604364441894},"slope":{"confidence_interval":{"confidence_level":0.95,"lower_bound":132.1671983188532,"upper_bound":133.2387463843667},"point_estimate":132.67594394155702,"standard_error":0.27463374351592934},"std_dev":{"confidence_interval":{"confidence_level":0.95,"lower_bound":1.78901135754012,"upper_bound":18.089332721676282},"point_estimate":10.683321799302892,"standard_error":5.7305483217590405}}