{"mean":{"confidence_interval":{"confidence_level":0.95,"lower_bound":1241790.1751340919,"upper_bound":1264322.6627227513},"point_estimate":1250325.238268842,"standard_error":6170.773636839146},"median":{"confidence_interval":{"confidence_level":0.95,"lower_bound":1235623.93814433,"upper_bound":1236626.2260821308},"point_estimate":1236165.9220171892,"standard_error":294.46642467754486},"median_abs_dev":{"confidence_interval":{"confidence_level":0.95,"lower_bound":1782.0922283616355,"upper_bound":5288.102725967387},"point_estimate":2548.2134587783053,"standard_error":949.9679648246315},"slope":{"confidence_interval":{"confidence_level":0.95,"lower_bound":1240107.3199577692,"upper_bound":1247281.5392890987},"point_estimate":1243517.1538968524,"standard_error":1831.9015859127217},"std_dev":{"confidence_interval":{"confidence_level":0.95,"lower_bound":14138.453290586349,"upper_bound":103892.16595873133},"point_estimate":62187.305066463014,"standard_error":30446.847533738724}}