{"mean":{"confidence_interval":{"confidence_level":0.95,"lower_bound":13198.783949673736,"upper_bound":13607.652656274586},"point_estimate":13352.76879863297,"standard_error":111.58008289017116},"median":{"confidence_interval":{"confidence_level":0.95,"lower_bound":13063.933171745153,"upper_bound":13126.80572755418},"point_estimate":13089.420401966454,"standard_error":23.20583798679872},"median_abs_dev":{"confidence_interval":{"confidence_level":0.95,"lower_bound":84.49723309190458,"upper_bound":229.4368562438302},"point_estimate":141.02992782963017,"standard_error":36.243748606606026},"slope":{"confidence_interval":{"confidence_level":0.95,"lower_bound":13056.570046119503,"upper_bound":13107.245135282175},"point_estimate":13078.678283893198,"standard_error":12.993938749557007},"std_dev":{"confidence_interval":{"confidence_level":0.95,"lower_bound":253.33037143113523,"upper_bound":1873.5195840023835},"point_estimate":1120.3391845958922,"standard_error":549.3468731662177}}