{"mean":{"confidence_interval":{"confidence_level":0.95,"lower_bound":414921.2988432666,"upper_bound":421609.2148795323},"point_estimate":417316.7191255598,"standard_error":1950.1955252773653},"median":{"confidence_interval":{"confidence_level":0.95,"lower_bound":414483.1807228916,"upper_bound":414609.80122655124},"point_estimate":414538.52102506545,"standard_error":32.6423692964418},"median_abs_dev":{"confidence_interval":{"confidence_level":0.95,"lower_bound":166.45721660169173,"upper_bound":338.6826983317961},"point_estimate":234.02525816278015,"standard_error":44.549339334772164},"slope":{"confidence_interval":{"confidence_level":0.95,"lower_bound":414811.51348226913,"upper_bound":417767.3201419306},"point_estimate":416085.54269149306,"standard_error":767.2799033013252},"std_dev":{"confidence_interval":{"confidence_level":0.95,"lower_bound":1469.2816540530973,"upper_bound":33396.80054110441},"point_estimate":19639.417475602826,"standard_error":10823.506050872913}}