{"mean":{"confidence_interval":{"confidence_level":0.95,"lower_bound":9574.61173506949,"upper_bound":9606.28493801708},"point_estimate":9588.017356000937,"standard_error":8.203842997159711},"median":{"confidence_interval":{"confidence_level":0.95,"lower_bound":9568.105375086625,"upper_bound":9575.56486594768},"point_estimate":9572.42289873588,"standard_error":1.6956487670320948},"median_abs_dev":{"confidence_interval":{"confidence_level":0.95,"lower_bound":15.900985389001118,"upper_bound":28.77034114719847},"point_estimate":22.610543753192097,"standard_error":3.3730461893315518},"slope":{"confidence_interval":{"confidence_level":0.95,"lower_bound":9566.503140200994,"upper_bound":9577.82695862643},"point_estimate":9571.90170132771,"standard_error":2.895683133269595},"std_dev":{"confidence_interval":{"confidence_level":0.95,"lower_bound":28.115757888121895,"upper_bound":130.08003070226792},"point_estimate":82.83532016652919,"standard_error":28.792472543799867}}