{"mean":{"confidence_interval":{"confidence_level":0.95,"lower_bound":9787.496605312832,"upper_bound":9799.472587258086},"point_estimate":9792.880103156882,"standard_error":3.0733554773544047},"median":{"confidence_interval":{"confidence_level":0.95,"lower_bound":9783.857170319108,"upper_bound":9786.382938281695},"point_estimate":9784.624771326524,"standard_error":0.638740933630335},"median_abs_dev":{"confidence_interval":{"confidence_level":0.95,"lower_bound":4.584358266893109,"upper_bound":9.633975096082983},"point_estimate":6.985347156906375,"standard_error":1.2534259270556947},"slope":{"confidence_interval":{"confidence_level":0.95,"lower_bound":9784.108420265764,"upper_bound":9786.188193931674},"point_estimate":9785.132353549665,"standard_error":0.5287499235599555},"std_dev":{"confidence_interval":{"confidence_level":0.95,"lower_bound":15.783749639666203,"upper_bound":42.323244197227744},"point_estimate":30.847883507878677,"standard_error":6.654636278879768}}