{"mean":{"confidence_interval":{"confidence_level":0.95,"lower_bound":183.57517098010388,"upper_bound":187.6095001244329},"point_estimate":185.094755663662,"standard_error":1.0884123751713863},"median":{"confidence_interval":{"confidence_level":0.95,"lower_bound":182.54574641946135,"upper_bound":182.8602130791184},"point_estimate":182.60740936710056,"standard_error":0.0825622416494693},"median_abs_dev":{"confidence_interval":{"confidence_level":0.95,"lower_bound":0.33024956461518395,"upper_bound":0.9108661305599548},"point_estimate":0.5846521738161955,"standard_error":0.14393170390210647},"slope":{"confidence_interval":{"confidence_level":0.95,"lower_bound":183.2031771121552,"upper_bound":184.31870092851085},"point_estimate":183.72535402248718,"standard_error":0.2850561899040928},"std_dev":{"confidence_interval":{"confidence_level":0.95,"lower_bound":2.172837875667029,"upper_bound":18.168355898980614},"point_estimate":10.89031771536201,"standard_error":5.204406569623765}}