{"mean":{"confidence_interval":{"confidence_level":0.95,"lower_bound":521982.57682213216,"upper_bound":523374.29476861074},"point_estimate":522602.898553562,"standard_error":358.1201118384581},"median":{"confidence_interval":{"confidence_level":0.95,"lower_bound":521657.3660714286,"upper_bound":522320.652173913},"point_estimate":521946.7126788404,"standard_error":171.86629953528018},"median_abs_dev":{"confidence_interval":{"confidence_level":0.95,"lower_bound":1095.094885299683,"upper_bound":1884.1916552829755},"point_estimate":1476.7242598484852,"standard_error":200.50865829793793},"slope":{"confidence_interval":{"confidence_level":0.95,"lower_bound":521159.02149819414,"upper_bound":521823.36488867673},"point_estimate":521472.820221664,"standard_error":170.51247460562354},"std_dev":{"confidence_interval":{"confidence_level":0.95,"lower_bound":1474.266864480555,"upper_bound":5230.274487059893},"point_estimate":3599.572442769502,"standard_error":941.4219819081574}}