{"mean":{"confidence_interval":{"confidence_level":0.95,"lower_bound":209807.52753385,"upper_bound":210600.2974597505},"point_estimate":210144.61648749057,"standard_error":205.11029443346771},"median":{"confidence_interval":{"confidence_level":0.95,"lower_bound":209636.8385536689,"upper_bound":209913.51351351352},"point_estimate":209738.29821200512,"standard_error":69.63728164719936},"median_abs_dev":{"confidence_interval":{"confidence_level":0.95,"lower_bound":369.8521986301365,"upper_bound":632.6111869535671},"point_estimate":463.79071510883733,"standard_error":67.2212428902923},"slope":{"confidence_interval":{"confidence_level":0.95,"lower_bound":209505.33496184452,"upper_bound":209751.72097597073},"point_estimate":209621.52174612088,"standard_error":62.85397259546022},"std_dev":{"confidence_interval":{"confidence_level":0.95,"lower_bound":622.207935163843,"upper_bound":3226.5662035936034},"point_estimate":2068.804341023354,"standard_error":693.1696013576918}}