{"mean":{"confidence_interval":{"confidence_level":0.95,"lower_bound":768934.7075361185,"upper_bound":775365.8514273233},"point_estimate":771789.3496631401,"standard_error":1660.8231971744688},"median":{"confidence_interval":{"confidence_level":0.95,"lower_bound":762500.7592592592,"upper_bound":772700.3484848485},"point_estimate":765370.838888889,"standard_error":2733.8115775389506},"median_abs_dev":{"confidence_interval":{"confidence_level":0.95,"lower_bound":4235.681449658709,"upper_bound":15354.910393378259},"point_estimate":8463.41248937582,"standard_error":3247.4777233508507},"slope":{"confidence_interval":{"confidence_level":0.95,"lower_bound":765238.6623029372,"upper_bound":769927.9116777849},"point_estimate":767431.6809132555,"standard_error":1195.1805618500357},"std_dev":{"confidence_interval":{"confidence_level":0.95,"lower_bound":9696.321745764979,"upper_bound":24654.440298841517},"point_estimate":16625.96170476449,"standard_error":4744.525629961391}}