{"mean":{"confidence_interval":{"confidence_level":0.95,"lower_bound":441003.8632152787,"upper_bound":445422.31873284956},"point_estimate":443001.59177798865,"standard_error":1127.9889384985506},"median":{"confidence_interval":{"confidence_level":0.95,"lower_bound":437924.57122283324,"upper_bound":438821.58461538464},"point_estimate":438322.74305555556,"standard_error":227.422470247},"median_abs_dev":{"confidence_interval":{"confidence_level":0.95,"lower_bound":1647.6590916130508,"upper_bound":3252.205489136848},"point_estimate":2394.202534388358,"standard_error":410.63347805998694},"slope":{"confidence_interval":{"confidence_level":0.95,"lower_bound":437399.7613884297,"upper_bound":438001.66412086075},"point_estimate":437667.54497709475,"standard_error":153.61006804844138},"std_dev":{"confidence_interval":{"confidence_level":0.95,"lower_bound":6516.292579021376,"upper_bound":16294.43203960608},"point_estimate":11305.058148090593,"standard_error":2741.64320152698}}