{"mean":{"confidence_interval":{"confidence_level":0.95,"lower_bound":41793.58783230749,"upper_bound":41960.61421888219},"point_estimate":41866.390130547166,"standard_error":43.07970434023529},"median":{"confidence_interval":{"confidence_level":0.95,"lower_bound":41756.32440476191,"upper_bound":41791.61486111111},"point_estimate":41772.11791666667,"standard_error":9.633009946732503},"median_abs_dev":{"confidence_interval":{"confidence_level":0.95,"lower_bound":63.840396173051445,"upper_bound":136.69492170320274},"point_estimate":98.2973980326555,"standard_error":18.85243857602326},"slope":{"confidence_interval":{"confidence_level":0.95,"lower_bound":41733.655987826554,"upper_bound":41780.60936390273},"point_estimate":41755.66210297522,"standard_error":11.997991653113937},"std_dev":{"confidence_interval":{"confidence_level":0.95,"lower_bound":145.23492271714593,"upper_bound":652.4041304179284},"point_estimate":433.98419015976054,"standard_error":127.53698026901466}}