{"mean":{"confidence_interval":{"confidence_level":0.95,"lower_bound":4818.368982525965,"upper_bound":4920.660181772327},"point_estimate":4857.417284517043,"standard_error":27.654511048582428},"median":{"confidence_interval":{"confidence_level":0.95,"lower_bound":4783.672135241167,"upper_bound":4785.5832781843665},"point_estimate":4783.900483667925,"standard_error":1.377121830044657},"median_abs_dev":{"confidence_interval":{"confidence_level":0.95,"lower_bound":1.021457157106956,"upper_bound":4.883560813145496},"point_estimate":2.0128734572376974,"standard_error":2.1590787772846185},"slope":{"confidence_interval":{"confidence_level":0.95,"lower_bound":4804.125236801003,"upper_bound":4841.513358339239},"point_estimate":4821.697376507599,"standard_error":9.585353965760843},"std_dev":{"confidence_interval":{"confidence_level":0.95,"lower_bound":67.80178220855996,"upper_bound":461.7281770675899},"point_estimate":277.64292048176276,"standard_error":132.16202184783765}}