{"mean":{"confidence_interval":{"confidence_level":0.95,"lower_bound":3394.0855545777035,"upper_bound":3460.9690898676877},"point_estimate":3418.464132960229,"standard_error":19.080386910663194},"median":{"confidence_interval":{"confidence_level":0.95,"lower_bound":3388.2077174678093,"upper_bound":3388.6907216494847},"point_estimate":3388.392028024188,"standard_error":0.1297421433393786},"median_abs_dev":{"confidence_interval":{"confidence_level":0.95,"lower_bound":0.8532654513452017,"upper_bound":1.5424504087777915},"point_estimate":1.1655637989438823,"standard_error":0.17762864443074092},"slope":{"confidence_interval":{"confidence_level":0.95,"lower_bound":3392.0727495851916,"upper_bound":3405.040465407648},"point_estimate":3398.023747801769,"standard_error":3.3324907893972435},"std_dev":{"confidence_interval":{"confidence_level":0.95,"lower_bound":21.82130532397475,"upper_bound":325.1602374702872},"point_estimate":192.02121822555495,"standard_error":101.91532666789651}}