{"mean":{"confidence_interval":{"confidence_level":0.95,"lower_bound":3305.866617061487,"upper_bound":3376.325746193525},"point_estimate":3330.7663619592827,"standard_error":21.234430918522136},"median":{"confidence_interval":{"confidence_level":0.95,"lower_bound":3300.296247619048,"upper_bound":3300.7772307692308},"point_estimate":3300.5522913093196,"standard_error":0.11974799435818033},"median_abs_dev":{"confidence_interval":{"confidence_level":0.95,"lower_bound":1.002804777021541,"upper_bound":2.133130948719494},"point_estimate":1.7298462466862583,"standard_error":0.31299734434509235},"slope":{"confidence_interval":{"confidence_level":0.95,"lower_bound":3300.1466553840937,"upper_bound":3300.9268193704074},"point_estimate":3300.510522072804,"standard_error":0.19904011723503184},"std_dev":{"confidence_interval":{"confidence_level":0.95,"lower_bound":18.638608897084065,"upper_bound":364.15555925215074},"point_estimate":213.3412260063188,"standard_error":122.026351856894}}