{"mean":{"confidence_interval":{"confidence_level":0.95,"lower_bound":3302.9232291389726,"upper_bound":3373.330699277298},"point_estimate":3328.450609171328,"standard_error":20.043497465123},"median":{"confidence_interval":{"confidence_level":0.95,"lower_bound":3289.678823591867,"upper_bound":3293.911304347826},"point_estimate":3291.398757134303,"standard_error":1.0422657605552361},"median_abs_dev":{"confidence_interval":{"confidence_level":0.95,"lower_bound":5.556494873776695,"upper_bound":12.79677997950986},"point_estimate":8.207286890003559,"standard_error":1.7769593100100898},"slope":{"confidence_interval":{"confidence_level":0.95,"lower_bound":3297.1577673506226,"upper_bound":3314.7782655292076},"point_estimate":3305.3205144284207,"standard_error":4.511815321606179},"std_dev":{"confidence_interval":{"confidence_level":0.95,"lower_bound":29.21600052287458,"upper_bound":338.8574045748891},"point_estimate":200.196555145728,"standard_error":106.36561555387061}}