{"mean":{"confidence_interval":{"confidence_level":0.95,"lower_bound":805543.6993557264,"upper_bound":824441.7339033723},"point_estimate":812393.492162645,"standard_error":5453.608145248538},"median":{"confidence_interval":{"confidence_level":0.95,"lower_bound":803067.4863013698,"upper_bound":803518.1546391753},"point_estimate":803288.7395833333,"standard_error":110.53462935222217},"median_abs_dev":{"confidence_interval":{"confidence_level":0.95,"lower_bound":647.2876855736555,"upper_bound":1436.3894328895735},"point_estimate":977.3084569744964,"standard_error":213.50577587941675},"slope":{"confidence_interval":{"confidence_level":0.95,"lower_bound":803292.8998944844,"upper_bound":804217.48512659},"point_estimate":803696.6932850599,"standard_error":236.99231867440398},"std_dev":{"confidence_interval":{"confidence_level":0.95,"lower_bound":6960.797793624264,"upper_bound":92632.14346473564},"point_estimate":54600.40095822596,"standard_error":29545.660492439278}}