{"mean":{"confidence_interval":{"confidence_level":0.95,"lower_bound":47.78141140343034,"upper_bound":49.42879086430997},"point_estimate":48.473387294013236,"standard_error":0.4271542202160595},"median":{"confidence_interval":{"confidence_level":0.95,"lower_bound":47.11718412591775,"upper_bound":47.279773716933605},"point_estimate":47.17542560754302,"standard_error":0.0454174581328228},"median_abs_dev":{"confidence_interval":{"confidence_level":0.95,"lower_bound":0.18040904393627546,"upper_bound":0.4928114480113946},"point_estimate":0.2912302304503162,"standard_error":0.07926501143765084},"slope":{"confidence_interval":{"confidence_level":0.95,"lower_bound":47.55680609448112,"upper_bound":49.57653159046554},"point_estimate":48.318445275233294,"standard_error":0.5366372293360152},"std_dev":{"confidence_interval":{"confidence_level":0.95,"lower_bound":1.5726538144335624,"upper_bound":6.754333644891213},"point_estimate":4.2898291383479545,"standard_error":1.5152353673625665}}