{"mean":{"confidence_interval":{"confidence_level":0.95,"lower_bound":151.5652770264419,"upper_bound":151.72828134249016},"point_estimate":151.63984316183635,"standard_error":0.04190592267970658},"median":{"confidence_interval":{"confidence_level":0.95,"lower_bound":151.52634020115224,"upper_bound":151.60035279075282},"point_estimate":151.57831652961937,"standard_error":0.02003669765204583},"median_abs_dev":{"confidence_interval":{"confidence_level":0.95,"lower_bound":0.11456381693478405,"upper_bound":0.21710094209822964},"point_estimate":0.16895032805786986,"standard_error":0.027413218392540985},"slope":{"confidence_interval":{"confidence_level":0.95,"lower_bound":151.52844253894315,"upper_bound":151.57698982253652},"point_estimate":151.5526861751055,"standard_error":0.01239211797904963},"std_dev":{"confidence_interval":{"confidence_level":0.95,"lower_bound":0.23431475236758825,"upper_bound":0.5760868246564309},"point_estimate":0.42037924580739966,"standard_error":0.08719442352119797}}