{"mean":{"confidence_interval":{"confidence_level":0.95,"lower_bound":90788.09668047477,"upper_bound":91139.14103650511},"point_estimate":90936.39652395951,"standard_error":90.23804853411946},"median":{"confidence_interval":{"confidence_level":0.95,"lower_bound":90756.15448372615,"upper_bound":90832.68953687821},"point_estimate":90794.68365641711,"standard_error":18.370526125033447},"median_abs_dev":{"confidence_interval":{"confidence_level":0.95,"lower_bound":122.41354436617895,"upper_bound":202.8159233869215},"point_estimate":156.34423121500078,"standard_error":20.87111369991129},"slope":{"confidence_interval":{"confidence_level":0.95,"lower_bound":90728.68975030528,"upper_bound":90798.37768775848},"point_estimate":90762.82795061596,"standard_error":17.84473440505579},"std_dev":{"confidence_interval":{"confidence_level":0.95,"lower_bound":223.98616580837515,"upper_bound":1404.6167730703623},"point_estimate":904.4203531526845,"standard_error":297.4165336893366}}