{"mean":{"confidence_interval":{"confidence_level":0.95,"lower_bound":401.6322358721752,"upper_bound":403.1011701072515},"point_estimate":402.32217667476056,"standard_error":0.37267441723581113},"median":{"confidence_interval":{"confidence_level":0.95,"lower_bound":401.74221187109595,"upper_bound":402.1062525458249},"point_estimate":401.88161861532535,"standard_error":0.08719324092420207},"median_abs_dev":{"confidence_interval":{"confidence_level":0.95,"lower_bound":0.6989862013658847,"upper_bound":1.2595139955902814},"point_estimate":1.0150831038934356,"standard_error":0.14256674745786665},"slope":{"confidence_interval":{"confidence_level":0.95,"lower_bound":401.46799392625496,"upper_bound":401.9665860884877},"point_estimate":401.7104521204347,"standard_error":0.1268064359438831},"std_dev":{"confidence_interval":{"confidence_level":0.95,"lower_bound":2.0284687846520137,"upper_bound":5.266303680261431},"point_estimate":3.7435552687400437,"standard_error":0.837392190460269}}