{"mean":{"confidence_interval":{"confidence_level":0.95,"lower_bound":411.6976510783767,"upper_bound":427.4271926932714},"point_estimate":418.7846874958842,"standard_error":4.040162623033797},"median":{"confidence_interval":{"confidence_level":0.95,"lower_bound":405.4364905660377,"upper_bound":406.8219635130916},"point_estimate":405.9822857663711,"standard_error":0.2822215138337914},"median_abs_dev":{"confidence_interval":{"confidence_level":0.95,"lower_bound":1.9946719771661205,"upper_bound":4.8921757920945685},"point_estimate":3.309975138878118,"standard_error":0.7261168458181018},"slope":{"confidence_interval":{"confidence_level":0.95,"lower_bound":415.46158773260356,"upper_bound":446.7799119650328},"point_estimate":429.66094600042936,"standard_error":8.025992025354995},"std_dev":{"confidence_interval":{"confidence_level":0.95,"lower_bound":21.29170012668712,"upper_bound":57.169537590618546},"point_estimate":40.68643987766068,"standard_error":9.220454314260055}}