{"mean":{"confidence_interval":{"confidence_level":0.95,"lower_bound":23846.73974775021,"upper_bound":24303.22017378846},"point_estimate":24016.02362541859,"standard_error":129.38326400295608},"median":{"confidence_interval":{"confidence_level":0.95,"lower_bound":23706.92944250871,"upper_bound":23798.801386377334},"point_estimate":23764.31790607981,"standard_error":25.560052746501032},"median_abs_dev":{"confidence_interval":{"confidence_level":0.95,"lower_bound":68.92093610025998,"upper_bound":202.78121454735282},"point_estimate":147.33816901849016,"standard_error":34.53121443295398},"slope":{"confidence_interval":{"confidence_level":0.95,"lower_bound":23919.9262609035,"upper_bound":24044.747151132946},"point_estimate":23980.6699192158,"standard_error":31.88968152529691},"std_dev":{"confidence_interval":{"confidence_level":0.95,"lower_bound":237.57387363357918,"upper_bound":2215.3227484374415},"point_estimate":1310.7043294644825,"standard_error":686.9386966884166}}