{"mean":{"confidence_interval":{"confidence_level":0.95,"lower_bound":462333.97431391175,"upper_bound":471067.43897065346},"point_estimate":465643.71159158763,"standard_error":2405.336251835504},"median":{"confidence_interval":{"confidence_level":0.95,"lower_bound":460084.3533834586,"upper_bound":460666.5933333333},"point_estimate":460408.5307623049,"standard_error":142.3295435085566},"median_abs_dev":{"confidence_interval":{"confidence_level":0.95,"lower_bound":774.227708588055,"upper_bound":1724.6887813806752},"point_estimate":1147.2835867151946,"standard_error":257.3475587181901},"slope":{"confidence_interval":{"confidence_level":0.95,"lower_bound":461671.5546353266,"upper_bound":464268.5952849322},"point_estimate":462903.7363213635,"standard_error":665.0720131339876},"std_dev":{"confidence_interval":{"confidence_level":0.95,"lower_bound":5061.524143143245,"upper_bound":40901.33890187027},"point_estimate":24416.14337893138,"standard_error":12100.913771155088}}