{"mean":{"confidence_interval":{"confidence_level":0.95,"lower_bound":2764734.5920131574,"upper_bound":2767414.635802632},"point_estimate":2766049.7205263157,"standard_error":682.5176244943061},"median":{"confidence_interval":{"confidence_level":0.95,"lower_bound":2763605.263157895,"upper_bound":2766912.3157894737},"point_estimate":2765662.289473684,"standard_error":885.5288132643233},"median_abs_dev":{"confidence_interval":{"confidence_level":0.95,"lower_bound":5789.005700777293,"upper_bound":10023.819406251867},"point_estimate":8681.013003775748,"standard_error":1092.8843791346674},"slope":null,"std_dev":{"confidence_interval":{"confidence_level":0.95,"lower_bound":5849.159116672402,"upper_bound":7794.3863649836285},"point_estimate":6855.122187314403,"standard_error":496.1740093247282}}