{"mean":{"confidence_interval":{"confidence_level":0.95,"lower_bound":2761624.471526316,"upper_bound":2764451.930999999},"point_estimate":2762939.7352631562,"standard_error":724.0985755300671},"median":{"confidence_interval":{"confidence_level":0.95,"lower_bound":2760802.6315789474,"upper_bound":2762359.6315789474},"point_estimate":2761316.8947368423,"standard_error":394.08804383328066},"median_abs_dev":{"confidence_interval":{"confidence_level":0.95,"lower_bound":2688.851115421372,"upper_bound":4337.268191419259},"point_estimate":3623.5913830366508,"standard_error":415.098424518136},"slope":null,"std_dev":{"confidence_interval":{"confidence_level":0.95,"lower_bound":4532.448034445546,"upper_bound":9599.906971653681},"point_estimate":7265.663920759933,"standard_error":1289.7651416640317}}