{"mean":{"confidence_interval":{"confidence_level":0.95,"lower_bound":2763812.0595,"upper_bound":2766803.1903684214},"point_estimate":2765228.313157895,"standard_error":763.2009260240069},"median":{"confidence_interval":{"confidence_level":0.95,"lower_bound":2762629.3947368423,"upper_bound":2765285.1052631577},"point_estimate":2763734.657894737,"standard_error":795.9525457359097},"median_abs_dev":{"confidence_interval":{"confidence_level":0.95,"lower_bound":3831.7016003945146,"upper_bound":6860.263188732261},"point_estimate":5605.242311013336,"standard_error":753.0638670124423},"slope":null,"std_dev":{"confidence_interval":{"confidence_level":0.95,"lower_bound":5578.178978214337,"upper_bound":9693.901142027387},"point_estimate":7692.993042470692,"standard_error":1059.7532454459779}}