{"mean":{"confidence_interval":{"confidence_level":0.95,"lower_bound":33987.64063358041,"upper_bound":34074.09098108399},"point_estimate":34024.8062683868,"standard_error":22.399523588338166},"median":{"confidence_interval":{"confidence_level":0.95,"lower_bound":33968.98055555556,"upper_bound":33996.41180555556},"point_estimate":33980.52451550388,"standard_error":8.331709541754808},"median_abs_dev":{"confidence_interval":{"confidence_level":0.95,"lower_bound":42.664813754301214,"upper_bound":83.05884884798839},"point_estimate":61.260886223449866,"standard_error":10.654629350517888},"slope":{"confidence_interval":{"confidence_level":0.95,"lower_bound":33945.32130731598,"upper_bound":33975.07643227557},"point_estimate":33959.226779370474,"standard_error":7.608613502754556},"std_dev":{"confidence_interval":{"confidence_level":0.95,"lower_bound":74.04125315880835,"upper_bound":349.11122151120344},"point_estimate":226.17277368748236,"standard_error":72.23953157427727}}