{"mean":{"confidence_interval":{"confidence_level":0.95,"lower_bound":118688.50592205691,"upper_bound":120785.34532816567},"point_estimate":119445.52610042112,"standard_error":611.1289381425332},"median":{"confidence_interval":{"confidence_level":0.95,"lower_bound":118506.30341614907,"upper_bound":118948.15315315315},"point_estimate":118674.44413477022,"standard_error":103.8953082401952},"median_abs_dev":{"confidence_interval":{"confidence_level":0.95,"lower_bound":476.11191917657146,"upper_bound":692.3733640412398},"point_estimate":598.9277264788713,"standard_error":52.658644458103076},"slope":{"confidence_interval":{"confidence_level":0.95,"lower_bound":118682.11325613025,"upper_bound":118920.62709021907},"point_estimate":118798.7063389324,"standard_error":60.447088694946494},"std_dev":{"confidence_interval":{"confidence_level":0.95,"lower_bound":560.4239032556445,"upper_bound":10448.816529195941},"point_estimate":6147.02286101381,"standard_error":3370.187464821242}}