{"mean":{"confidence_interval":{"confidence_level":0.95,"lower_bound":37515.035528308974,"upper_bound":38280.565265980236},"point_estimate":37805.00799317718,"standard_error":209.64454373225433},"median":{"confidence_interval":{"confidence_level":0.95,"lower_bound":37309.33796296296,"upper_bound":37429.963541666664},"point_estimate":37371.02925084175,"standard_error":29.32152148854124},"median_abs_dev":{"confidence_interval":{"confidence_level":0.95,"lower_bound":147.0227127787247,"upper_bound":370.86263938537013},"point_estimate":231.5698232877997,"standard_error":63.47458094386406},"slope":{"confidence_interval":{"confidence_level":0.95,"lower_bound":37438.89507773878,"upper_bound":37721.896994118644},"point_estimate":37571.87258941815,"standard_error":72.25524760182563},"std_dev":{"confidence_interval":{"confidence_level":0.95,"lower_bound":469.93540248107104,"upper_bound":3541.9654207282942},"point_estimate":2117.935483691838,"standard_error":1038.5279243586501}}