{"mean":{"confidence_interval":{"confidence_level":0.95,"lower_bound":79403.52477141657,"upper_bound":80886.22701034867},"point_estimate":79948.98185893259,"standard_error":417.88856336551055},"median":{"confidence_interval":{"confidence_level":0.95,"lower_bound":79265.48254821035,"upper_bound":79306.12061879653},"point_estimate":79286.44505494506,"standard_error":9.195914683863112},"median_abs_dev":{"confidence_interval":{"confidence_level":0.95,"lower_bound":55.3594651862136,"upper_bound":93.70335291899144},"point_estimate":68.79195272485715,"standard_error":9.025896254112013},"slope":{"confidence_interval":{"confidence_level":0.95,"lower_bound":79372.82483582427,"upper_bound":79651.5929608515},"point_estimate":79500.31511861863,"standard_error":71.50332909090118},"std_dev":{"confidence_interval":{"confidence_level":0.95,"lower_bound":521.1636015929124,"upper_bound":7079.758860930888},"point_estimate":4193.325125189018,"standard_error":2185.398273520903}}