{"mean":{"confidence_interval":{"confidence_level":0.95,"lower_bound":430.7615086264968,"upper_bound":433.9304867601433},"point_estimate":432.0395068563192,"standard_error":0.8361895576166907},"median":{"confidence_interval":{"confidence_level":0.95,"lower_bound":430.36246984722595,"upper_bound":430.8081083042973},"point_estimate":430.6604271885716,"standard_error":0.12288528446020137},"median_abs_dev":{"confidence_interval":{"confidence_level":0.95,"lower_bound":0.6423911741654108,"upper_bound":1.0524115664455838},"point_estimate":0.831382665233131,"standard_error":0.10849698834582797},"slope":{"confidence_interval":{"confidence_level":0.95,"lower_bound":430.2765319120749,"upper_bound":430.97866918969754},"point_estimate":430.5750874568579,"standard_error":0.18062030001231907},"std_dev":{"confidence_interval":{"confidence_level":0.95,"lower_bound":1.3012634573285928,"upper_bound":13.644558879875692},"point_estimate":8.400667757348042,"standard_error":3.464228236487998}}