{"mean":{"confidence_interval":{"confidence_level":0.95,"lower_bound":2284.7722342187326,"upper_bound":2337.354235195627},"point_estimate":2304.3823625076207,"standard_error":14.36953615914191},"median":{"confidence_interval":{"confidence_level":0.95,"lower_bound":2270.0284318074882,"upper_bound":2275.0233290762026},"point_estimate":2271.498234811166,"standard_error":1.3251480319156106},"median_abs_dev":{"confidence_interval":{"confidence_level":0.95,"lower_bound":6.7455332795030225,"upper_bound":14.906843226673722},"point_estimate":9.307581242473777,"standard_error":2.190354176414875},"slope":{"confidence_interval":{"confidence_level":0.95,"lower_bound":2275.2298537120037,"upper_bound":2291.8888653080803},"point_estimate":2282.8921676153204,"standard_error":4.253607205501364},"std_dev":{"confidence_interval":{"confidence_level":0.95,"lower_bound":32.36452062300664,"upper_bound":241.05169850515256},"point_estimate":144.0263744655184,"standard_error":71.30047628060153}}