{"mean":{"confidence_interval":{"confidence_level":0.95,"lower_bound":23120.355834133174,"upper_bound":23615.863505424197},"point_estimate":23314.794295862233,"standard_error":131.56177475924605},"median":{"confidence_interval":{"confidence_level":0.95,"lower_bound":22996.160515672396,"upper_bound":23031.761776483083},"point_estimate":23006.7590167764,"standard_error":10.210413598973444},"median_abs_dev":{"confidence_interval":{"confidence_level":0.95,"lower_bound":39.039864037040175,"upper_bound":125.93920574862733},"point_estimate":65.41843850662953,"standard_error":22.786486327216537},"slope":{"confidence_interval":{"confidence_level":0.95,"lower_bound":23045.473006584536,"upper_bound":23144.53094934777},"point_estimate":23089.802418439693,"standard_error":25.37595711069914},"std_dev":{"confidence_interval":{"confidence_level":0.95,"lower_bound":286.67074374476556,"upper_bound":2185.9705591942834},"point_estimate":1326.5089513064404,"standard_error":589.0152305771217}}