{"mean":{"confidence_interval":{"confidence_level":0.95,"lower_bound":1540.66104531053,"upper_bound":1574.5030978796942},"point_estimate":1554.4658332700285,"standard_error":8.878682005945054},"median":{"confidence_interval":{"confidence_level":0.95,"lower_bound":1527.966563845272,"upper_bound":1536.2409501342227},"point_estimate":1531.1969426197836,"standard_error":2.1116654750744375},"median_abs_dev":{"confidence_interval":{"confidence_level":0.95,"lower_bound":6.535994544204355,"upper_bound":22.43241454524898},"point_estimate":10.585435981570942,"standard_error":3.684446735738658},"slope":{"confidence_interval":{"confidence_level":0.95,"lower_bound":1537.9862288325871,"upper_bound":1551.8455642392503},"point_estimate":1544.5561379674843,"standard_error":3.5429812617020895},"std_dev":{"confidence_interval":{"confidence_level":0.95,"lower_bound":23.374788788737145,"upper_bound":144.4831980981664},"point_estimate":89.46982775980707,"standard_error":35.59382109328249}}