{"mean":{"confidence_interval":{"confidence_level":0.95,"lower_bound":3252.993424652351,"upper_bound":3322.606127025192},"point_estimate":3278.538847581299,"standard_error":19.47042892706026},"median":{"confidence_interval":{"confidence_level":0.95,"lower_bound":3242.213285229202,"upper_bound":3243.249188782337},"point_estimate":3242.622136897905,"standard_error":0.3109831298115486},"median_abs_dev":{"confidence_interval":{"confidence_level":0.95,"lower_bound":1.6169001551668225,"upper_bound":3.8702758830107693},"point_estimate":2.594200696984458,"standard_error":0.6363913692522517},"slope":{"confidence_interval":{"confidence_level":0.95,"lower_bound":3243.9845939317224,"upper_bound":3254.024337219278},"point_estimate":3248.1828575497966,"standard_error":2.576764283032637},"std_dev":{"confidence_interval":{"confidence_level":0.95,"lower_bound":26.218994774264388,"upper_bound":328.4422774874621},"point_estimate":194.70228563027317,"standard_error":100.23680317189483}}