{"mean":{"confidence_interval":{"confidence_level":0.95,"lower_bound":9929.447385078081,"upper_bound":10151.598744439223},"point_estimate":10008.710254281606,"standard_error":65.63487752130078},"median":{"confidence_interval":{"confidence_level":0.95,"lower_bound":9907.421698232323,"upper_bound":9910.190349650351},"point_estimate":9908.849651116427,"standard_error":0.7541357069224144},"median_abs_dev":{"confidence_interval":{"confidence_level":0.95,"lower_bound":4.881067843848237,"upper_bound":9.112663701279509},"point_estimate":6.412887346148622,"standard_error":1.0442430891449657},"slope":{"confidence_interval":{"confidence_level":0.95,"lower_bound":9907.721775166488,"upper_bound":9915.18779704015},"point_estimate":9910.548386109058,"standard_error":2.0056213652448314},"std_dev":{"confidence_interval":{"confidence_level":0.95,"lower_bound":73.69615559715054,"upper_bound":1126.3164844431606},"point_estimate":661.1892802537299,"standard_error":370.35308770908944}}