{"mean":{"confidence_interval":{"confidence_level":0.95,"lower_bound":54.73420749850905,"upper_bound":55.85576541200878},"point_estimate":55.15010146347968,"standard_error":0.31573368423753995},"median":{"confidence_interval":{"confidence_level":0.95,"lower_bound":54.45794333167342,"upper_bound":54.76273061982088},"point_estimate":54.575404345235015,"standard_error":0.09740099623329107},"median_abs_dev":{"confidence_interval":{"confidence_level":0.95,"lower_bound":0.40494529324899065,"upper_bound":0.845150779232999},"point_estimate":0.5745790897409864,"standard_error":0.127979053426812},"slope":{"confidence_interval":{"confidence_level":0.95,"lower_bound":54.549330381650215,"upper_bound":54.881987528385494},"point_estimate":54.70887269109112,"standard_error":0.08503189112217563},"std_dev":{"confidence_interval":{"confidence_level":0.95,"lower_bound":0.6043264977313929,"upper_bound":5.354197498553979},"point_estimate":3.1754843600857163,"standard_error":1.6411957066075524}}