{"mean":{"confidence_interval":{"confidence_level":0.95,"lower_bound":61.947994559036964,"upper_bound":63.018771743244514},"point_estimate":62.33949198562328,"standard_error":0.30296904899189525},"median":{"confidence_interval":{"confidence_level":0.95,"lower_bound":61.716700813476606,"upper_bound":61.8181380608593},"point_estimate":61.75947728103677,"standard_error":0.02272815299828371},"median_abs_dev":{"confidence_interval":{"confidence_level":0.95,"lower_bound":0.12434947798289471,"upper_bound":0.29317684740657324},"point_estimate":0.19246032041528213,"standard_error":0.04090388196047508},"slope":{"confidence_interval":{"confidence_level":0.95,"lower_bound":61.91400002145769,"upper_bound":62.246934346908056},"point_estimate":62.071606735273235,"standard_error":0.08492630850593659},"std_dev":{"confidence_interval":{"confidence_level":0.95,"lower_bound":0.5186435013933484,"upper_bound":5.146014154862346},"point_estimate":3.0444152457412246,"standard_error":1.60284980138655}}