{"mean":{"confidence_interval":{"confidence_level":0.95,"lower_bound":254.44728148927317,"upper_bound":255.6522307323948},"point_estimate":254.9921364280027,"standard_error":0.3084138081815739},"median":{"confidence_interval":{"confidence_level":0.95,"lower_bound":254.19681540511215,"upper_bound":254.91442285252953},"point_estimate":254.44403009928612,"standard_error":0.17635618367104644},"median_abs_dev":{"confidence_interval":{"confidence_level":0.95,"lower_bound":1.0936103713554377,"upper_bound":2.191352580971244},"point_estimate":1.3824384691783052,"standard_error":0.2861294145604589},"slope":{"confidence_interval":{"confidence_level":0.95,"lower_bound":253.37144086751903,"upper_bound":254.1643016090629},"point_estimate":253.7465632479439,"standard_error":0.2026290836035103},"std_dev":{"confidence_interval":{"confidence_level":0.95,"lower_bound":1.7034357620819274,"upper_bound":4.4827213447502645},"point_estimate":3.098203881559094,"standard_error":0.7601029187738761}}