{"mean":{"confidence_interval":{"confidence_level":0.95,"lower_bound":259.9567301013318,"upper_bound":260.48731957871826},"point_estimate":260.1939922466699,"standard_error":0.13586992070335274},"median":{"confidence_interval":{"confidence_level":0.95,"lower_bound":259.7518240615002,"upper_bound":260.03919592159366},"point_estimate":259.9436772481943,"standard_error":0.0692812756201849},"median_abs_dev":{"confidence_interval":{"confidence_level":0.95,"lower_bound":0.4223072861450594,"upper_bound":0.7397040098896399},"point_estimate":0.5858753611378326,"standard_error":0.07810395491314787},"slope":{"confidence_interval":{"confidence_level":0.95,"lower_bound":259.71363663521424,"upper_bound":259.9941999003495},"point_estimate":259.84446615050166,"standard_error":0.07164314103087563},"std_dev":{"confidence_interval":{"confidence_level":0.95,"lower_bound":0.6560237677010033,"upper_bound":1.9620945964850958},"point_estimate":1.367677468400164,"standard_error":0.34291763950616677}}