{"mean":{"confidence_interval":{"confidence_level":0.95,"lower_bound":17340.632003027808,"upper_bound":17399.709715898887},"point_estimate":17368.077250299506,"standard_error":15.150596611413967},"median":{"confidence_interval":{"confidence_level":0.95,"lower_bound":17337.636544190664,"upper_bound":17351.50596491228},"point_estimate":17342.60764153742,"standard_error":3.175691945961579},"median_abs_dev":{"confidence_interval":{"confidence_level":0.95,"lower_bound":24.924078786781184,"upper_bound":43.64053734608397},"point_estimate":34.51864930578315,"standard_error":4.648770759860671},"slope":{"confidence_interval":{"confidence_level":0.95,"lower_bound":17328.22000462666,"upper_bound":17350.86031605153},"point_estimate":17339.004373079886,"standard_error":5.746902418701765},"std_dev":{"confidence_interval":{"confidence_level":0.95,"lower_bound":80.07751281215343,"upper_bound":211.87561397032547},"point_estimate":152.31454504257684,"standard_error":33.70756087662357}}