{"mean":{"confidence_interval":{"confidence_level":0.95,"lower_bound":3424.0291724523527,"upper_bound":3433.909237221492},"point_estimate":3428.3186378133773,"standard_error":2.5563645853595376},"median":{"confidence_interval":{"confidence_level":0.95,"lower_bound":3420.065002471577,"upper_bound":3423.7081597344823},"point_estimate":3421.292305157357,"standard_error":1.0681473672474449},"median_abs_dev":{"confidence_interval":{"confidence_level":0.95,"lower_bound":4.550020341918087,"upper_bound":10.2493510320855},"point_estimate":6.935941804271802,"standard_error":1.5656097322755422},"slope":{"confidence_interval":{"confidence_level":0.95,"lower_bound":3420.564888100462,"upper_bound":3435.006118558284},"point_estimate":3425.7331568987092,"standard_error":3.979837615817195},"std_dev":{"confidence_interval":{"confidence_level":0.95,"lower_bound":9.226118689375477,"upper_bound":38.392394512250945},"point_estimate":25.754031561229983,"standard_error":7.727050578036557}}