{"mean":{"confidence_interval":{"confidence_level":0.95,"lower_bound":142.74052813186645,"upper_bound":145.60318631335892},"point_estimate":143.95214567347355,"standard_error":0.743180998315995},"median":{"confidence_interval":{"confidence_level":0.95,"lower_bound":141.9663834485407,"upper_bound":142.52464739561515},"point_estimate":142.39459968541433,"standard_error":0.14355614458120486},"median_abs_dev":{"confidence_interval":{"confidence_level":0.95,"lower_bound":0.8289178686072979,"upper_bound":1.8164227920127995},"point_estimate":1.4069348285756178,"standard_error":0.2670600002597302},"slope":{"confidence_interval":{"confidence_level":0.95,"lower_bound":142.2570112078755,"upper_bound":143.43993468427269},"point_estimate":142.81500980377803,"standard_error":0.30319267126363697},"std_dev":{"confidence_interval":{"confidence_level":0.95,"lower_bound":2.2677654677015746,"upper_bound":11.49750063574301},"point_estimate":7.452426659547001,"standard_error":2.4779551266460067}}