{"mean":{"confidence_interval":{"confidence_level":0.95,"lower_bound":84.59898907993853,"upper_bound":86.00134459417976},"point_estimate":85.31896110655585,"standard_error":0.3590962436662622},"median":{"confidence_interval":{"confidence_level":0.95,"lower_bound":86.83015592807011,"upper_bound":87.04929633100254},"point_estimate":86.92534286844173,"standard_error":0.06225384508926116},"median_abs_dev":{"confidence_interval":{"confidence_level":0.95,"lower_bound":0.40315469966462647,"upper_bound":1.4410971240988064},"point_estimate":0.6572776283032865,"standard_error":0.3024121461370277},"slope":{"confidence_interval":{"confidence_level":0.95,"lower_bound":85.20778204776832,"upper_bound":86.30164940985631},"point_estimate":85.79886811009241,"standard_error":0.2796299101616781},"std_dev":{"confidence_interval":{"confidence_level":0.95,"lower_bound":3.0604079767343544,"upper_bound":4.035878815176422},"point_estimate":3.6038416820470416,"standard_error":0.24775178415494725}}