{"mean":{"confidence_interval":{"confidence_level":0.95,"lower_bound":40740.78900573254,"upper_bound":41493.577808600465},"point_estimate":41006.73505670107,"standard_error":222.95222641399835},"median":{"confidence_interval":{"confidence_level":0.95,"lower_bound":40728.6252631579,"upper_bound":40749.24470728793},"point_estimate":40741.3864,"standard_error":5.188524745509188},"median_abs_dev":{"confidence_interval":{"confidence_level":0.95,"lower_bound":25.34020696158322,"upper_bound":39.4393777086973},"point_estimate":30.847235389855438,"standard_error":3.560747990367914},"slope":{"confidence_interval":{"confidence_level":0.95,"lower_bound":40727.44583236304,"upper_bound":40752.87927075203},"point_estimate":40737.69578282843,"standard_error":6.5610210617168905},"std_dev":{"confidence_interval":{"confidence_level":0.95,"lower_bound":51.03265236323341,"upper_bound":3814.105109468624},"point_estimate":2239.389685278377,"standard_error":1257.3480662988686}}