{"mean":{"confidence_interval":{"confidence_level":0.95,"lower_bound":213.54612376172213,"upper_bound":214.61372777113561},"point_estimate":214.0013351542719,"standard_error":0.2775086500018737},"median":{"confidence_interval":{"confidence_level":0.95,"lower_bound":213.2740298432977,"upper_bound":213.49478168128897},"point_estimate":213.35739874454106,"standard_error":0.05943553918191345},"median_abs_dev":{"confidence_interval":{"confidence_level":0.95,"lower_bound":0.3398790447732728,"upper_bound":0.736114192917263},"point_estimate":0.4902694504688329,"standard_error":0.10254253475614603},"slope":{"confidence_interval":{"confidence_level":0.95,"lower_bound":213.10228649037435,"upper_bound":213.3448091546815},"point_estimate":213.2126305816648,"standard_error":0.061892263653161944},"std_dev":{"confidence_interval":{"confidence_level":0.95,"lower_bound":0.7753184594189237,"upper_bound":4.368576836950832},"point_estimate":2.78475055215887,"standard_error":0.9483629493286793}}