{"mean":{"confidence_interval":{"confidence_level":0.95,"lower_bound":246.1833859288996,"upper_bound":246.8574546278933},"point_estimate":246.49272122290623,"standard_error":0.1721195020055344},"median":{"confidence_interval":{"confidence_level":0.95,"lower_bound":245.96665137517928,"upper_bound":246.35147051379397},"point_estimate":246.24234392032076,"standard_error":0.09927707362481736},"median_abs_dev":{"confidence_interval":{"confidence_level":0.95,"lower_bound":0.8178138605997601,"upper_bound":1.3027774474138745},"point_estimate":1.0839833132160155,"standard_error":0.12071756494102967},"slope":{"confidence_interval":{"confidence_level":0.95,"lower_bound":245.59869524503094,"upper_bound":245.93538343739263},"point_estimate":245.75631201218923,"standard_error":0.08603350255874131},"std_dev":{"confidence_interval":{"confidence_level":0.95,"lower_bound":1.0547158157830803,"upper_bound":2.368662147603007},"point_estimate":1.7277899005032904,"standard_error":0.34206260899301905}}