{"mean":{"confidence_interval":{"confidence_level":0.95,"lower_bound":252.19079189516265,"upper_bound":253.0510611471167},"point_estimate":252.54557593585108,"standard_error":0.22562727337848806},"median":{"confidence_interval":{"confidence_level":0.95,"lower_bound":252.06898411531577,"upper_bound":252.3022881492667},"point_estimate":252.22197686401216,"standard_error":0.06566830839965099},"median_abs_dev":{"confidence_interval":{"confidence_level":0.95,"lower_bound":0.38741073702691214,"upper_bound":0.7017363110813633},"point_estimate":0.557236674476963,"standard_error":0.08303413107779478},"slope":{"confidence_interval":{"confidence_level":0.95,"lower_bound":251.89799120444135,"upper_bound":252.1797683849245},"point_estimate":252.02719812034707,"standard_error":0.0719076187883011},"std_dev":{"confidence_interval":{"confidence_level":0.95,"lower_bound":0.5849485370185785,"upper_bound":3.592871003431687},"point_estimate":2.2531077658222434,"standard_error":0.8456693730176225}}