{"mean":{"confidence_interval":{"confidence_level":0.95,"lower_bound":8022.208761553291,"upper_bound":8181.921199169505},"point_estimate":8080.3645581334085,"standard_error":45.97299185224393},"median":{"confidence_interval":{"confidence_level":0.95,"lower_bound":8001.825697067425,"upper_bound":8006.218434099023},"point_estimate":8003.300701418779,"standard_error":1.1597107715563058},"median_abs_dev":{"confidence_interval":{"confidence_level":0.95,"lower_bound":8.17255855540608,"upper_bound":16.557074209284455},"point_estimate":12.056239750825283,"standard_error":2.103916760278641},"slope":{"confidence_interval":{"confidence_level":0.95,"lower_bound":8002.488131251355,"upper_bound":8020.839178914408},"point_estimate":8009.8141287765475,"standard_error":4.788428915592922},"std_dev":{"confidence_interval":{"confidence_level":0.95,"lower_bound":53.98880632103044,"upper_bound":784.657204458588},"point_estimate":462.8107276487516,"standard_error":249.1779168265223}}