{"mean":{"confidence_interval":{"confidence_level":0.95,"lower_bound":7505.157777422474,"upper_bound":7513.816156224068},"point_estimate":7508.888533948784,"standard_error":2.2267709438014482},"median":{"confidence_interval":{"confidence_level":0.95,"lower_bound":7503.088173400673,"upper_bound":7505.980861244019},"point_estimate":7504.310347582525,"standard_error":0.6687547403448251},"median_abs_dev":{"confidence_interval":{"confidence_level":0.95,"lower_bound":4.289001683386031,"upper_bound":6.917137815865898},"point_estimate":5.469312312501568,"standard_error":0.6601528435436841},"slope":{"confidence_interval":{"confidence_level":0.95,"lower_bound":7503.885175191087,"upper_bound":7505.925931414747},"point_estimate":7504.892033240638,"standard_error":0.5225476668250231},"std_dev":{"confidence_interval":{"confidence_level":0.95,"lower_bound":8.351118131617923,"upper_bound":33.96127139286381},"point_estimate":22.27833236965535,"standard_error":6.649598135585705}}