{"mean":{"confidence_interval":{"confidence_level":0.95,"lower_bound":113976.89918885051,"upper_bound":114561.07824128131},"point_estimate":114268.44110876975,"standard_error":148.56500276917967},"median":{"confidence_interval":{"confidence_level":0.95,"lower_bound":114715.17297979798,"upper_bound":114900.17836257309},"point_estimate":114869.48705561749,"standard_error":42.24708368021246},"median_abs_dev":{"confidence_interval":{"confidence_level":0.95,"lower_bound":88.08056530841723,"upper_bound":318.82219921923456},"point_estimate":215.77470101843426,"standard_error":59.40737302938684},"slope":{"confidence_interval":{"confidence_level":0.95,"lower_bound":114720.7701858333,"upper_bound":114813.67064255552},"point_estimate":114767.81826051262,"standard_error":23.576082468929524},"std_dev":{"confidence_interval":{"confidence_level":0.95,"lower_bound":1186.6287097133102,"upper_bound":1830.9187374303008},"point_estimate":1493.5639272913465,"standard_error":166.4465974376447}}