{"mean":{"confidence_interval":{"confidence_level":0.95,"lower_bound":4436.812984267814,"upper_bound":4449.221646868845},"point_estimate":4442.122287144743,"standard_error":3.2207618234191777},"median":{"confidence_interval":{"confidence_level":0.95,"lower_bound":4433.38174833887,"upper_bound":4436.6738172541745},"point_estimate":4434.817522321428,"standard_error":0.8049707832014676},"median_abs_dev":{"confidence_interval":{"confidence_level":0.95,"lower_bound":4.838581945349476,"upper_bound":10.85022593583563},"point_estimate":7.218768759709127,"standard_error":1.5699391053444771},"slope":{"confidence_interval":{"confidence_level":0.95,"lower_bound":4431.09561386347,"upper_bound":4435.163249591536},"point_estimate":4432.989404964217,"standard_error":1.0389226219299383},"std_dev":{"confidence_interval":{"confidence_level":0.95,"lower_bound":11.3425090581175,"upper_bound":50.006757842173016},"point_estimate":32.27336205841215,"standard_error":10.503441895154854}}