{"mean":{"confidence_interval":{"confidence_level":0.95,"lower_bound":111149.99799902063,"upper_bound":111668.19335527648},"point_estimate":111373.37875357202,"standard_error":133.99565643612954},"median":{"confidence_interval":{"confidence_level":0.95,"lower_bound":111036.29032258065,"upper_bound":111118.52713450292},"point_estimate":111082.35101200975,"standard_error":22.785500815934206},"median_abs_dev":{"confidence_interval":{"confidence_level":0.95,"lower_bound":131.1540601786589,"upper_bound":287.4629418006336},"point_estimate":175.94467291114606,"standard_error":37.691322033202844},"slope":{"confidence_interval":{"confidence_level":0.95,"lower_bound":110986.62610259069,"upper_bound":111119.58609731455},"point_estimate":111048.41097023136,"standard_error":33.93378773695026},"std_dev":{"confidence_interval":{"confidence_level":0.95,"lower_bound":370.77831968393696,"upper_bound":2039.6778675887253},"point_estimate":1346.3209391820794,"standard_error":414.45165174237155}}