{"mean":{"confidence_interval":{"confidence_level":0.95,"lower_bound":2407.4193544365435,"upper_bound":2413.749234989238},"point_estimate":2410.1230111837995,"standard_error":1.6349753055791414},"median":{"confidence_interval":{"confidence_level":0.95,"lower_bound":2405.7365571321884,"upper_bound":2407.2303348523874},"point_estimate":2406.638639870223,"standard_error":0.3185297848971135},"median_abs_dev":{"confidence_interval":{"confidence_level":0.95,"lower_bound":2.848812764956899,"upper_bound":6.282732026059551},"point_estimate":4.183055066512591,"standard_error":0.9215643918148295},"slope":{"confidence_interval":{"confidence_level":0.95,"lower_bound":2404.3929813126288,"upper_bound":2406.55783842073},"point_estimate":2405.4140766297323,"standard_error":0.5535625198048757},"std_dev":{"confidence_interval":{"confidence_level":0.95,"lower_bound":5.9790691738792185,"upper_bound":25.446497018960393},"point_estimate":16.469046835088104,"standard_error":5.351631199872697}}