{"mean":{"confidence_interval":{"confidence_level":0.95,"lower_bound":9937.006858884513,"upper_bound":10079.308337876757},"point_estimate":10001.304659056499,"standard_error":36.48465648803213},"median":{"confidence_interval":{"confidence_level":0.95,"lower_bound":9846.144233342253,"upper_bound":9891.18901890189},"point_estimate":9858.163106792734,"standard_error":11.879965916725359},"median_abs_dev":{"confidence_interval":{"confidence_level":0.95,"lower_bound":39.27948214801383,"upper_bound":105.31475334019379},"point_estimate":59.28002584685353,"standard_error":16.452229343849375},"slope":{"confidence_interval":{"confidence_level":0.95,"lower_bound":9850.965703898464,"upper_bound":9999.126025948113},"point_estimate":9907.193689790436,"standard_error":39.215071966347786},"std_dev":{"confidence_interval":{"confidence_level":0.95,"lower_bound":196.13271590481403,"upper_bound":511.22829750570736},"point_estimate":367.9523019243528,"standard_error":80.10543416533213}}