{"mean":{"confidence_interval":{"confidence_level":0.95,"lower_bound":57.06640136727072,"upper_bound":57.451008150467416},"point_estimate":57.223973588199925,"standard_error":0.10096904439812544},"median":{"confidence_interval":{"confidence_level":0.95,"lower_bound":57.02253918478162,"upper_bound":57.060822457522775},"point_estimate":57.0361135815855,"standard_error":0.009222516209202778},"median_abs_dev":{"confidence_interval":{"confidence_level":0.95,"lower_bound":0.059725691706137944,"upper_bound":0.10437334025147173},"point_estimate":0.0754210620275813,"standard_error":0.011703498951565174},"slope":{"confidence_interval":{"confidence_level":0.95,"lower_bound":57.02158979600074,"upper_bound":57.252864796520335},"point_estimate":57.108976126933,"standard_error":0.061570401033865685},"std_dev":{"confidence_interval":{"confidence_level":0.95,"lower_bound":0.28305783527220846,"upper_bound":1.6274491083672078},"point_estimate":1.0166883944253593,"standard_error":0.38645252492112003}}