{"mean":{"confidence_interval":{"confidence_level":0.95,"lower_bound":761.0836717712691,"upper_bound":785.5123910583633},"point_estimate":770.1468157466421,"standard_error":6.805907418751618},"median":{"confidence_interval":{"confidence_level":0.95,"lower_bound":756.3644647956856,"upper_bound":757.8986415473183},"point_estimate":757.0845790891299,"standard_error":0.375790971636684},"median_abs_dev":{"confidence_interval":{"confidence_level":0.95,"lower_bound":2.387930249538865,"upper_bound":4.598288638790427},"point_estimate":3.3576235099116722,"standard_error":0.5520305282248897},"slope":{"confidence_interval":{"confidence_level":0.95,"lower_bound":758.3033573911401,"upper_bound":763.4434432199228},"point_estimate":760.7289745108599,"standard_error":1.3103259493339892},"std_dev":{"confidence_interval":{"confidence_level":0.95,"lower_bound":11.135317375687931,"upper_bound":115.20308594043237},"point_estimate":68.40421753118835,"standard_error":34.868191117371005}}