{"mean":{"confidence_interval":{"confidence_level":0.95,"lower_bound":14672.836499795454,"upper_bound":14696.822702473199},"point_estimate":14683.124683555632,"standard_error":6.2104343157390565},"median":{"confidence_interval":{"confidence_level":0.95,"lower_bound":14667.434821428571,"upper_bound":14675.434541920216},"point_estimate":14672.911841834637,"standard_error":1.9373635903385635},"median_abs_dev":{"confidence_interval":{"confidence_level":0.95,"lower_bound":12.539805659726367,"upper_bound":24.236491831394993},"point_estimate":18.782487508891606,"standard_error":3.0293449045765284},"slope":{"confidence_interval":{"confidence_level":0.95,"lower_bound":14666.701953787811,"upper_bound":14672.99567095409},"point_estimate":14669.789925460062,"standard_error":1.6102031920436948},"std_dev":{"confidence_interval":{"confidence_level":0.95,"lower_bound":24.75290916183682,"upper_bound":96.86396681025484},"point_estimate":62.61391022255713,"standard_error":20.447178402086806}}