{"mean":{"confidence_interval":{"confidence_level":0.95,"lower_bound":4614.647794146034,"upper_bound":4632.0270254317675},"point_estimate":4622.019792357685,"standard_error":4.506274618265681},"median":{"confidence_interval":{"confidence_level":0.95,"lower_bound":4611.006976744186,"upper_bound":4616.200474575166},"point_estimate":4612.595554035568,"standard_error":1.286166916715744},"median_abs_dev":{"confidence_interval":{"confidence_level":0.95,"lower_bound":9.252821175643685,"upper_bound":14.044883174622743},"point_estimate":12.01161511187259,"standard_error":1.2563003198863647},"slope":{"confidence_interval":{"confidence_level":0.95,"lower_bound":4608.861704754015,"upper_bound":4614.868865063788},"point_estimate":4611.68738977459,"standard_error":1.5268933519375298},"std_dev":{"confidence_interval":{"confidence_level":0.95,"lower_bound":15.74907497258604,"upper_bound":70.93336369477994},"point_estimate":45.35604418746801,"standard_error":15.422708069757647}}