{"mean":{"confidence_interval":{"confidence_level":0.95,"lower_bound":923.7593434860306,"upper_bound":927.2871876903189},"point_estimate":925.3030393179309,"standard_error":0.9099858634312669},"median":{"confidence_interval":{"confidence_level":0.95,"lower_bound":923.3443925233645,"upper_bound":924.4722329485074},"point_estimate":923.8342099342333,"standard_error":0.30469683278833265},"median_abs_dev":{"confidence_interval":{"confidence_level":0.95,"lower_bound":1.6071171798240962,"upper_bound":2.6902056360105364},"point_estimate":1.9112563195710837,"standard_error":0.27957133989763716},"slope":{"confidence_interval":{"confidence_level":0.95,"lower_bound":922.1373897398621,"upper_bound":923.4951857238257},"point_estimate":922.8035926051247,"standard_error":0.3465565745862693},"std_dev":{"confidence_interval":{"confidence_level":0.95,"lower_bound":2.94415202534592,"upper_bound":13.544705578568603},"point_estimate":9.098013998937533,"standard_error":2.6368445588933644}}