{"mean":{"confidence_interval":{"confidence_level":0.95,"lower_bound":103959.54026748457,"upper_bound":104076.684945063},"point_estimate":104011.04449089574,"standard_error":30.27095964797932},"median":{"confidence_interval":{"confidence_level":0.95,"lower_bound":103936.625,"upper_bound":103972.17916666667},"point_estimate":103954.97181603774,"standard_error":9.408072322032343},"median_abs_dev":{"confidence_interval":{"confidence_level":0.95,"lower_bound":62.08745161295632,"upper_bound":121.10480929277249},"point_estimate":83.3778961687806,"standard_error":15.191371434131506},"slope":{"confidence_interval":{"confidence_level":0.95,"lower_bound":103941.42873864555,"upper_bound":103983.24393126},"point_estimate":103961.7756255357,"standard_error":10.660246246217099},"std_dev":{"confidence_interval":{"confidence_level":0.95,"lower_bound":124.66035125333008,"upper_bound":449.1143878685329},"point_estimate":305.103784160801,"standard_error":83.51900402954662}}