{"mean":{"confidence_interval":{"confidence_level":0.95,"lower_bound":435897.8835175549,"upper_bound":437478.4239322943},"point_estimate":436585.7626409212,"standard_error":408.85184240275623},"median":{"confidence_interval":{"confidence_level":0.95,"lower_bound":435473.45454545453,"upper_bound":435935.94901960786},"point_estimate":435677.53437352245,"standard_error":122.69697994361061},"median_abs_dev":{"confidence_interval":{"confidence_level":0.95,"lower_bound":662.5054469019778,"upper_bound":1274.6328731134386},"point_estimate":935.7645700639969,"standard_error":159.69966807474435},"slope":{"confidence_interval":{"confidence_level":0.95,"lower_bound":435244.92504598433,"upper_bound":435722.3455676759},"point_estimate":435469.7844529826,"standard_error":122.38373794638733},"std_dev":{"confidence_interval":{"confidence_level":0.95,"lower_bound":1410.2230086490392,"upper_bound":6333.82527772451},"point_estimate":4133.351593270496,"standard_error":1274.8870047713642}}