{"mean":{"confidence_interval":{"confidence_level":0.95,"lower_bound":70358.20027529063,"upper_bound":70629.18982888134},"point_estimate":70470.15241323152,"standard_error":70.78839405906358},"median":{"confidence_interval":{"confidence_level":0.95,"lower_bound":70290.0,"upper_bound":70367.99303482586},"point_estimate":70321.55216784104,"standard_error":18.901666263621447},"median_abs_dev":{"confidence_interval":{"confidence_level":0.95,"lower_bound":92.29332077159349,"upper_bound":163.9220873074843},"point_estimate":127.98390484588074,"standard_error":17.42421477051944},"slope":{"confidence_interval":{"confidence_level":0.95,"lower_bound":70292.7098678245,"upper_bound":70380.89308997085},"point_estimate":70335.62092507759,"standard_error":22.467186923217778},"std_dev":{"confidence_interval":{"confidence_level":0.95,"lower_bound":197.69555989361913,"upper_bound":1138.1695959324081},"point_estimate":711.9043062195677,"standard_error":267.66544293240236}}