{"mean":{"confidence_interval":{"confidence_level":0.95,"lower_bound":41778.520007008316,"upper_bound":42069.76610600552},"point_estimate":41918.289141642505,"standard_error":74.33817416597977},"median":{"confidence_interval":{"confidence_level":0.95,"lower_bound":41476.5625,"upper_bound":41568.614130434784},"point_estimate":41493.98667635659,"standard_error":23.734286687052784},"median_abs_dev":{"confidence_interval":{"confidence_level":0.95,"lower_bound":102.88978587714465,"upper_bound":308.72643744556296},"point_estimate":198.08377599352943,"standard_error":50.60323575880725},"slope":{"confidence_interval":{"confidence_level":0.95,"lower_bound":41453.550111301614,"upper_bound":41524.82062025037},"point_estimate":41485.66352827447,"standard_error":18.16744846169438},"std_dev":{"confidence_interval":{"confidence_level":0.95,"lower_bound":578.2507500378006,"upper_bound":913.1947820062804},"point_estimate":748.8425843528904,"standard_error":86.17629966507374}}