{"mean":{"confidence_interval":{"confidence_level":0.95,"lower_bound":46703.24485637356,"upper_bound":46834.673133774755},"point_estimate":46760.508281829214,"standard_error":34.11211849539664},"median":{"confidence_interval":{"confidence_level":0.95,"lower_bound":46680.33114035088,"upper_bound":46725.75714285715},"point_estimate":46704.66583565244,"standard_error":13.27299434412697},"median_abs_dev":{"confidence_interval":{"confidence_level":0.95,"lower_bound":75.1275281016878,"upper_bound":122.26489621576488},"point_estimate":97.09337200478856,"standard_error":12.11706242255946},"slope":{"confidence_interval":{"confidence_level":0.95,"lower_bound":46661.905174703235,"upper_bound":46703.135371394754},"point_estimate":46681.16330333033,"standard_error":10.486160245050678},"std_dev":{"confidence_interval":{"confidence_level":0.95,"lower_bound":117.92992969290944,"upper_bound":516.3080110266831},"point_estimate":343.4853036102188,"standard_error":104.80250467480369}}