{"mean":{"confidence_interval":{"confidence_level":0.95,"lower_bound":42757.14522422763,"upper_bound":42803.85649928909},"point_estimate":42778.71059829037,"standard_error":11.959203730844559},"median":{"confidence_interval":{"confidence_level":0.95,"lower_bound":42743.76809895833,"upper_bound":42758.24925252359},"point_estimate":42751.16953870626,"standard_error":3.920493021925665},"median_abs_dev":{"confidence_interval":{"confidence_level":0.95,"lower_bound":25.885953598996622,"upper_bound":48.36524129832512},"point_estimate":36.386760168486184,"standard_error":5.677114867056048},"slope":{"confidence_interval":{"confidence_level":0.95,"lower_bound":42744.035756870864,"upper_bound":42758.22455514373},"point_estimate":42750.930162553566,"standard_error":3.625922569622323},"std_dev":{"confidence_interval":{"confidence_level":0.95,"lower_bound":67.28322515174695,"upper_bound":163.8224729291157},"point_estimate":120.92876977416007,"standard_error":24.400694313819905}}