{"mean":{"confidence_interval":{"confidence_level":0.95,"lower_bound":33071.031788707354,"upper_bound":33200.557065296955},"point_estimate":33126.107822931095,"standard_error":33.55401049694279},"median":{"confidence_interval":{"confidence_level":0.95,"lower_bound":33051.68823529412,"upper_bound":33072.28535353536},"point_estimate":33064.494981684984,"standard_error":5.151951667577615},"median_abs_dev":{"confidence_interval":{"confidence_level":0.95,"lower_bound":36.194705011263295,"upper_bound":77.18672421525676},"point_estimate":53.262060859964556,"standard_error":10.760711799117473},"slope":{"confidence_interval":{"confidence_level":0.95,"lower_bound":33024.5772697949,"upper_bound":33061.22558913477},"point_estimate":33041.5170828038,"standard_error":9.36514616380994},"std_dev":{"confidence_interval":{"confidence_level":0.95,"lower_bound":99.24313998434506,"upper_bound":528.0090173831159},"point_estimate":338.03050006092616,"standard_error":114.40300845224132}}