{"mean":{"confidence_interval":{"confidence_level":0.95,"lower_bound":452.3588897395914,"upper_bound":461.1273095319809},"point_estimate":455.67536699352337,"standard_error":2.333652833721565},"median":{"confidence_interval":{"confidence_level":0.95,"lower_bound":451.31414041355,"upper_bound":452.73788774744037},"point_estimate":452.1305816135084,"standard_error":0.3837850603584992},"median_abs_dev":{"confidence_interval":{"confidence_level":0.95,"lower_bound":2.1206305031242114,"upper_bound":4.8474947743740895},"point_estimate":3.1952568748456116,"standard_error":0.7273726112213668},"slope":{"confidence_interval":{"confidence_level":0.95,"lower_bound":451.715699216963,"upper_bound":453.96694436009915},"point_estimate":452.80505618377157,"standard_error":0.5732853894284552},"std_dev":{"confidence_interval":{"confidence_level":0.95,"lower_bound":4.52427868071389,"upper_bound":38.768476759959455},"point_estimate":23.27939182397134,"standard_error":10.727197573074669}}