{"mean":{"confidence_interval":{"confidence_level":0.95,"lower_bound":226.15439759652415,"upper_bound":227.0041336209256},"point_estimate":226.51114658222127,"standard_error":0.22075827546143376},"median":{"confidence_interval":{"confidence_level":0.95,"lower_bound":225.90630973034965,"upper_bound":226.0869299721852},"point_estimate":225.98287564435063,"standard_error":0.04572318306084164},"median_abs_dev":{"confidence_interval":{"confidence_level":0.95,"lower_bound":0.2518266530401418,"upper_bound":0.5092102733563438},"point_estimate":0.335497887150404,"standard_error":0.06671677108131453},"slope":{"confidence_interval":{"confidence_level":0.95,"lower_bound":226.06557191048256,"upper_bound":226.6314569196381},"point_estimate":226.34028486748457,"standard_error":0.14518157166146156},"std_dev":{"confidence_interval":{"confidence_level":0.95,"lower_bound":0.7223437790652892,"upper_bound":3.5111107522714198},"point_estimate":2.2205831136508554,"standard_error":0.7950593923918331}}