{"mean":{"confidence_interval":{"confidence_level":0.95,"lower_bound":22587.46040559841,"upper_bound":22726.64647042723},"point_estimate":22656.528297340443,"standard_error":35.55169537672028},"median":{"confidence_interval":{"confidence_level":0.95,"lower_bound":22718.378787878784,"upper_bound":22833.629261363636},"point_estimate":22817.585075757575,"standard_error":47.927188071811635},"median_abs_dev":{"confidence_interval":{"confidence_level":0.95,"lower_bound":119.04917074484476,"upper_bound":642.7449668420015},"point_estimate":175.10778628515584,"standard_error":125.20597209800519},"slope":{"confidence_interval":{"confidence_level":0.95,"lower_bound":22346.643707052273,"upper_bound":22457.919367173075},"point_estimate":22395.98454874592,"standard_error":28.462320480495315},"std_dev":{"confidence_interval":{"confidence_level":0.95,"lower_bound":310.43909989357036,"upper_bound":403.9896202609378},"point_estimate":356.8075914120809,"standard_error":24.020865321937524}}