{"mean":{"confidence_interval":{"confidence_level":0.95,"lower_bound":9916.964574614936,"upper_bound":9958.97761742344},"point_estimate":9934.973719251784,"standard_error":10.871286876828783},"median":{"confidence_interval":{"confidence_level":0.95,"lower_bound":9910.100806451614,"upper_bound":9918.373136160713},"point_estimate":9916.148409090909,"standard_error":2.2294585844815273},"median_abs_dev":{"confidence_interval":{"confidence_level":0.95,"lower_bound":13.185767007284468,"upper_bound":26.27540752690287},"point_estimate":17.064787991156678,"standard_error":3.1810630769632513},"slope":{"confidence_interval":{"confidence_level":0.95,"lower_bound":9906.042278677309,"upper_bound":9916.44498885034},"point_estimate":9910.957973104772,"standard_error":2.65736571484429},"std_dev":{"confidence_interval":{"confidence_level":0.95,"lower_bound":23.247776146820023,"upper_bound":169.50646222077305},"point_estimate":109.46767681274297,"standard_error":36.372288148011236}}