{"mean":{"confidence_interval":{"confidence_level":0.95,"lower_bound":4816.178855830888,"upper_bound":4832.49633738461},"point_estimate":4823.932209274967,"standard_error":4.135145063842923},"median":{"confidence_interval":{"confidence_level":0.95,"lower_bound":4821.647225039849,"upper_bound":4824.26647249191},"point_estimate":4822.988469164502,"standard_error":0.7127596227012852},"median_abs_dev":{"confidence_interval":{"confidence_level":0.95,"lower_bound":5.3525547071380375,"upper_bound":10.380699960032766},"point_estimate":6.781584045092391,"standard_error":1.298900212936837},"slope":{"confidence_interval":{"confidence_level":0.95,"lower_bound":4815.877114016783,"upper_bound":4821.512241619282},"point_estimate":4818.690427962083,"standard_error":1.4405861373796267},"std_dev":{"confidence_interval":{"confidence_level":0.95,"lower_bound":22.67275774381839,"upper_bound":58.6867950629621},"point_estimate":41.54847841163271,"standard_error":9.31240734110806}}