{"mean":{"confidence_interval":{"confidence_level":0.95,"lower_bound":1449.1186748781297,"upper_bound":1470.2557611672091},"point_estimate":1456.4592378380046,"standard_error":6.489321711789863},"median":{"confidence_interval":{"confidence_level":0.95,"lower_bound":1447.8889301634472,"upper_bound":1449.2605631119748},"point_estimate":1448.4936520908511,"standard_error":0.32456987568490514},"median_abs_dev":{"confidence_interval":{"confidence_level":0.95,"lower_bound":1.4702987368984033,"upper_bound":2.637853118496577},"point_estimate":2.0664304630462147,"standard_error":0.29998583544475643},"slope":{"confidence_interval":{"confidence_level":0.95,"lower_bound":1448.4585060356558,"upper_bound":1450.9597660536801},"point_estimate":1449.4231943807363,"standard_error":0.6652895070250395},"std_dev":{"confidence_interval":{"confidence_level":0.95,"lower_bound":3.4697476103602574,"upper_bound":111.77272095132952},"point_estimate":65.33870691606887,"standard_error":38.31172296285765}}