{"mean":{"confidence_interval":{"confidence_level":0.95,"lower_bound":39226.34204154361,"upper_bound":39490.01857019155},"point_estimate":39353.235061621555,"standard_error":67.16696002927586},"median":{"confidence_interval":{"confidence_level":0.95,"lower_bound":38962.3228980322,"upper_bound":39008.31284261715},"point_estimate":38983.05878783102,"standard_error":11.932648623854266},"median_abs_dev":{"confidence_interval":{"confidence_level":0.95,"lower_bound":59.433231254503056,"upper_bound":142.5353224303145},"point_estimate":95.06014685400052,"standard_error":21.519102600259167},"slope":{"confidence_interval":{"confidence_level":0.95,"lower_bound":39557.896434745744,"upper_bound":39982.7567650299},"point_estimate":39776.52357049482,"standard_error":108.71411493351312},"std_dev":{"confidence_interval":{"confidence_level":0.95,"lower_bound":552.0574003405358,"upper_bound":773.7075138194997},"point_estimate":675.1963240797439,"standard_error":56.49177939848929}}