{"mean":{"confidence_interval":{"confidence_level":0.95,"lower_bound":14436.851978314682,"upper_bound":14522.77931163884},"point_estimate":14479.101686788787,"standard_error":21.86321453339883},"median":{"confidence_interval":{"confidence_level":0.95,"lower_bound":14550.209342560554,"upper_bound":14573.959321631879},"point_estimate":14562.005974264706,"standard_error":6.684811009412123},"median_abs_dev":{"confidence_interval":{"confidence_level":0.95,"lower_bound":34.92606341875054,"upper_bound":148.8944465327723},"point_estimate":49.71718889708825,"standard_error":28.725367716404445},"slope":{"confidence_interval":{"confidence_level":0.95,"lower_bound":14450.754038812034,"upper_bound":14515.84869075308},"point_estimate":14486.71231434557,"standard_error":16.652230843578586},"std_dev":{"confidence_interval":{"confidence_level":0.95,"lower_bound":180.67334728477542,"upper_bound":263.8408111141704},"point_estimate":219.61467159824005,"standard_error":21.82076806799125}}