{"mean":{"confidence_interval":{"confidence_level":0.95,"lower_bound":519164.7626592724,"upper_bound":519728.44298168353},"point_estimate":519406.8253853924,"standard_error":145.0611277551766},"median":{"confidence_interval":{"confidence_level":0.95,"lower_bound":519005.0931372549,"upper_bound":519192.78169014084},"point_estimate":519080.4805743243,"standard_error":46.92036849835834},"median_abs_dev":{"confidence_interval":{"confidence_level":0.95,"lower_bound":319.0137255435667,"upper_bound":568.4449864465664},"point_estimate":414.9637155563649,"standard_error":63.472725639344745},"slope":{"confidence_interval":{"confidence_level":0.95,"lower_bound":518975.80326688854,"upper_bound":519147.1577244276},"point_estimate":519057.85292300873,"standard_error":43.59680024928757},"std_dev":{"confidence_interval":{"confidence_level":0.95,"lower_bound":634.1270285915197,"upper_bound":2229.787948216889},"point_estimate":1457.3497035706523,"standard_error":450.3041309386007}}