{"mean":{"confidence_interval":{"confidence_level":0.95,"lower_bound":84269.26011789627,"upper_bound":84352.27408087929},"point_estimate":84307.0819188861,"standard_error":21.216144398989815},"median":{"confidence_interval":{"confidence_level":0.95,"lower_bound":84254.66803278688,"upper_bound":84290.65040650406},"point_estimate":84268.26834045583,"standard_error":9.589703516296419},"median_abs_dev":{"confidence_interval":{"confidence_level":0.95,"lower_bound":59.67750215148452,"upper_bound":104.40402693431842},"point_estimate":82.94052476672879,"standard_error":11.173601405453407},"slope":{"confidence_interval":{"confidence_level":0.95,"lower_bound":84251.93932852337,"upper_bound":84278.17232346916},"point_estimate":84265.00056031723,"standard_error":6.692296336010919},"std_dev":{"confidence_interval":{"confidence_level":0.95,"lower_bound":110.89941411967789,"upper_bound":299.8174495231182},"point_estimate":212.95406516287082,"standard_error":48.32547361665298}}