{"mean":{"confidence_interval":{"confidence_level":0.95,"lower_bound":8472.78219655286,"upper_bound":8652.392243275313},"point_estimate":8545.6841725915,"standard_error":47.136373253533},"median":{"confidence_interval":{"confidence_level":0.95,"lower_bound":8408.788238295701,"upper_bound":8413.74125577787},"point_estimate":8410.42956219863,"standard_error":1.4291883010070898},"median_abs_dev":{"confidence_interval":{"confidence_level":0.95,"lower_bound":5.576992056658498,"upper_bound":29.651960265131223},"point_estimate":10.176062527199472,"standard_error":7.154593598844245},"slope":{"confidence_interval":{"confidence_level":0.95,"lower_bound":8441.84030464071,"upper_bound":8507.968088215666},"point_estimate":8472.719732815991,"standard_error":16.982454892198028},"std_dev":{"confidence_interval":{"confidence_level":0.95,"lower_bound":124.97698377465596,"upper_bound":764.0019728477596},"point_estimate":473.1672647502756,"standard_error":188.38328302037797}}