{"mean":{"confidence_interval":{"confidence_level":0.95,"lower_bound":172.7194483995256,"upper_bound":173.87444267421128},"point_estimate":173.1814898194121,"standard_error":0.3035082139769073},"median":{"confidence_interval":{"confidence_level":0.95,"lower_bound":172.6529794448608,"upper_bound":172.71959459459458},"point_estimate":172.68052734375,"standard_error":0.019594076315527984},"median_abs_dev":{"confidence_interval":{"confidence_level":0.95,"lower_bound":0.10201057380468664,"upper_bound":0.19959431260483923},"point_estimate":0.15656453454479885,"standard_error":0.024210379650654985},"slope":{"confidence_interval":{"confidence_level":0.95,"lower_bound":172.66309547108713,"upper_bound":172.90691929396917},"point_estimate":172.75916207876625,"standard_error":0.06365432069526208},"std_dev":{"confidence_interval":{"confidence_level":0.95,"lower_bound":0.3613436395160408,"upper_bound":4.929767187848891},"point_estimate":3.04909232639888,"standard_error":1.2541832052572583}}