{"mean":{"confidence_interval":{"confidence_level":0.95,"lower_bound":13712.830001606642,"upper_bound":13790.249336498051},"point_estimate":13751.048007438443,"standard_error":19.750945690606667},"median":{"confidence_interval":{"confidence_level":0.95,"lower_bound":13584.361293859649,"upper_bound":13917.010885885886},"point_estimate":13592.515745285404,"standard_error":114.56559661437487},"median_abs_dev":{"confidence_interval":{"confidence_level":0.95,"lower_bound":22.204337745123702,"upper_bound":340.606065897477},"point_estimate":47.04401230763405,"standard_error":95.91412851744352},"slope":{"confidence_interval":{"confidence_level":0.95,"lower_bound":13600.941726818688,"upper_bound":13631.856936685657},"point_estimate":13614.21790059603,"standard_error":7.880971507256316},"std_dev":{"confidence_interval":{"confidence_level":0.95,"lower_bound":175.17863346946743,"upper_bound":229.19120045433345},"point_estimate":198.72320844758062,"standard_error":15.091694740667016}}