{"mean":{"confidence_interval":{"confidence_level":0.95,"lower_bound":830546.7442692323,"upper_bound":833424.8491737958},"point_estimate":831697.7379036536,"standard_error":757.0234547726858},"median":{"confidence_interval":{"confidence_level":0.95,"lower_bound":829831.7340384616,"upper_bound":830598.4736842106},"point_estimate":830281.7266025641,"standard_error":190.93567870845663},"median_abs_dev":{"confidence_interval":{"confidence_level":0.95,"lower_bound":1574.435323481257,"upper_bound":2638.9346164276144},"point_estimate":2032.5202923271988,"standard_error":272.6688626360888},"slope":{"confidence_interval":{"confidence_level":0.95,"lower_bound":829283.6490745068,"upper_bound":829957.635380266},"point_estimate":829594.5735806118,"standard_error":172.18412557167835},"std_dev":{"confidence_interval":{"confidence_level":0.95,"lower_bound":2378.0010593222237,"upper_bound":12374.815820926828},"point_estimate":7620.070200553747,"standard_error":3186.366895550211}}