{"mean":{"confidence_interval":{"confidence_level":0.95,"lower_bound":41681.64361658668,"upper_bound":43077.62345332477},"point_estimate":42181.92630280237,"standard_error":411.55287730661274},"median":{"confidence_interval":{"confidence_level":0.95,"lower_bound":41442.32961309524,"upper_bound":41468.59935897436},"point_estimate":41452.76065340909,"standard_error":7.118259883411771},"median_abs_dev":{"confidence_interval":{"confidence_level":0.95,"lower_bound":21.689682587156387,"upper_bound":67.901516922115},"point_estimate":36.52288286456104,"standard_error":12.009543584143314},"slope":{"confidence_interval":{"confidence_level":0.95,"lower_bound":41577.8233586142,"upper_bound":41856.095763725454},"point_estimate":41707.387389783755,"standard_error":71.47168011963817},"std_dev":{"confidence_interval":{"confidence_level":0.95,"lower_bound":499.95561640454014,"upper_bound":6998.2713230524005},"point_estimate":4110.148445556215,"standard_error":2293.816385913206}}