{"mean":{"confidence_interval":{"confidence_level":0.95,"lower_bound":56.482940215430695,"upper_bound":58.26245676698571},"point_estimate":57.12538703112109,"standard_error":0.512567561192974},"median":{"confidence_interval":{"confidence_level":0.95,"lower_bound":56.11298843784286,"upper_bound":56.148358454049614},"point_estimate":56.125043252595155,"standard_error":0.010731601499252133},"median_abs_dev":{"confidence_interval":{"confidence_level":0.95,"lower_bound":0.036137023801450514,"upper_bound":0.3117873557041645},"point_estimate":0.10558783352965796,"standard_error":0.07435853790530945},"slope":{"confidence_interval":{"confidence_level":0.95,"lower_bound":56.25661984937215,"upper_bound":56.64044038872791},"point_estimate":56.43284511322588,"standard_error":0.09828444699793103},"std_dev":{"confidence_interval":{"confidence_level":0.95,"lower_bound":0.7947579104277476,"upper_bound":8.70417037045574},"point_estimate":5.1322761553696825,"standard_error":2.7651091404625228}}