{"mean":{"confidence_interval":{"confidence_level":0.95,"lower_bound":2384.825660253185,"upper_bound":2392.7538987203866},"point_estimate":2388.3181579445413,"standard_error":2.04618525901162},"median":{"confidence_interval":{"confidence_level":0.95,"lower_bound":2383.042395104895,"upper_bound":2385.1668509615383},"point_estimate":2384.377974966844,"standard_error":0.59718662798922},"median_abs_dev":{"confidence_interval":{"confidence_level":0.95,"lower_bound":3.625920267517353,"upper_bound":5.877045982199871},"point_estimate":4.65849325663834,"standard_error":0.560536278897199},"slope":{"confidence_interval":{"confidence_level":0.95,"lower_bound":2382.071483851764,"upper_bound":2384.1380765735375},"point_estimate":2383.025539432029,"standard_error":0.5271562422105034},"std_dev":{"confidence_interval":{"confidence_level":0.95,"lower_bound":7.060323232279277,"upper_bound":29.99479188832804},"point_estimate":20.463434037875274,"standard_error":5.775210771302896}}