{"mean":{"confidence_interval":{"confidence_level":0.95,"lower_bound":1914.6332233416792,"upper_bound":1916.2378952506072},"point_estimate":1915.4019782132739,"standard_error":0.40829769748974243},"median":{"confidence_interval":{"confidence_level":0.95,"lower_bound":1914.5986977609462,"upper_bound":1915.7207647843486},"point_estimate":1915.167728065127,"standard_error":0.28614531961903095},"median_abs_dev":{"confidence_interval":{"confidence_level":0.95,"lower_bound":1.8845268310077694,"upper_bound":3.2195926340678485},"point_estimate":2.7371612712515905,"standard_error":0.3552593825856474},"slope":{"confidence_interval":{"confidence_level":0.95,"lower_bound":1915.3278570447997,"upper_bound":1916.2475205795},"point_estimate":1915.7875130329012,"standard_error":0.2356646610771389},"std_dev":{"confidence_interval":{"confidence_level":0.95,"lower_bound":2.893807331445975,"upper_bound":5.363716252620025},"point_estimate":4.10249290128787,"standard_error":0.6455698722929167}}