{"mean":{"confidence_interval":{"confidence_level":0.95,"lower_bound":3322.029494767963,"upper_bound":3387.654214677577},"point_estimate":3346.075633454142,"standard_error":18.622235809637115},"median":{"confidence_interval":{"confidence_level":0.95,"lower_bound":3310.2875124434026,"upper_bound":3314.163007621431},"point_estimate":3311.7062614399024,"standard_error":1.2643413616429937},"median_abs_dev":{"confidence_interval":{"confidence_level":0.95,"lower_bound":1.4118054583697448,"upper_bound":7.137058516449717},"point_estimate":3.455709180044366,"standard_error":1.843524532263236},"slope":{"confidence_interval":{"confidence_level":0.95,"lower_bound":3318.5121067108803,"upper_bound":3335.140130362195},"point_estimate":3326.141477759716,"standard_error":4.270392240177812},"std_dev":{"confidence_interval":{"confidence_level":0.95,"lower_bound":26.13310452483839,"upper_bound":317.0515730263654},"point_estimate":187.5580776374954,"standard_error":98.65325368153032}}