{"mean":{"confidence_interval":{"confidence_level":0.95,"lower_bound":3105.7293263773627,"upper_bound":3118.681089570984},"point_estimate":3111.199794177136,"standard_error":3.372947497907547},"median":{"confidence_interval":{"confidence_level":0.95,"lower_bound":3103.0639030612247,"upper_bound":3105.3436282467533},"point_estimate":3104.168290092305,"standard_error":0.541650815865292},"median_abs_dev":{"confidence_interval":{"confidence_level":0.95,"lower_bound":3.9413736279433347,"upper_bound":7.088170292429027},"point_estimate":5.421801556108534,"standard_error":0.8444623850496001},"slope":{"confidence_interval":{"confidence_level":0.95,"lower_bound":3101.937419992365,"upper_bound":3105.4126586102734},"point_estimate":3103.5286064171714,"standard_error":0.8830216332274972},"std_dev":{"confidence_interval":{"confidence_level":0.95,"lower_bound":8.862649990693598,"upper_bound":52.96068271355108},"point_estimate":33.70177934810976,"standard_error":11.53697286389603}}