{"mean":{"confidence_interval":{"confidence_level":0.95,"lower_bound":4818.119233257247,"upper_bound":4849.730491585913},"point_estimate":4833.313375373404,"standard_error":8.100766416316583},"median":{"confidence_interval":{"confidence_level":0.95,"lower_bound":4784.085789938217,"upper_bound":4787.683832840861},"point_estimate":4784.832834026814,"standard_error":1.2702789106468808},"median_abs_dev":{"confidence_interval":{"confidence_level":0.95,"lower_bound":1.4986028228636294,"upper_bound":7.4838589834859555},"point_estimate":2.940694075709081,"standard_error":1.9689748856449465},"slope":{"confidence_interval":{"confidence_level":0.95,"lower_bound":4804.164855234892,"upper_bound":4840.392472970983},"point_estimate":4821.273826063377,"standard_error":9.249288313222262},"std_dev":{"confidence_interval":{"confidence_level":0.95,"lower_bound":65.54510990429691,"upper_bound":95.3655059844962},"point_estimate":81.68894685480929,"standard_error":7.638380548234134}}