{"mean":{"confidence_interval":{"confidence_level":0.95,"lower_bound":438156.1240013184,"upper_bound":438977.0295090153},"point_estimate":438536.39746122627,"standard_error":209.64202744599197},"median":{"confidence_interval":{"confidence_level":0.95,"lower_bound":437666.4244889445,"upper_bound":438180.853046595},"point_estimate":437869.0733194009,"standard_error":138.0554248548492},"median_abs_dev":{"confidence_interval":{"confidence_level":0.95,"lower_bound":579.4560790459328,"upper_bound":1133.3035525305968},"point_estimate":726.7492541451056,"standard_error":141.2615738896819},"slope":{"confidence_interval":{"confidence_level":0.95,"lower_bound":437959.5079888821,"upper_bound":438589.26416173927},"point_estimate":438247.849354219,"standard_error":161.2573276886575},"std_dev":{"confidence_interval":{"confidence_level":0.95,"lower_bound":1308.1647802244072,"upper_bound":2872.2078183920194},"point_estimate":2105.0766360478333,"standard_error":408.8973842849273}}