{"mean":{"confidence_interval":{"confidence_level":0.95,"lower_bound":49723.22620286028,"upper_bound":49982.60947489952},"point_estimate":49845.69541928115,"standard_error":66.39537551380933},"median":{"confidence_interval":{"confidence_level":0.95,"lower_bound":49519.755405405405,"upper_bound":49606.02413793103},"point_estimate":49545.21034141514,"standard_error":26.480247519899354},"median_abs_dev":{"confidence_interval":{"confidence_level":0.95,"lower_bound":127.92164279236913,"upper_bound":279.66098370310885},"point_estimate":199.32057273435197,"standard_error":40.741692202876145},"slope":{"confidence_interval":{"confidence_level":0.95,"lower_bound":49622.193062997045,"upper_bound":49938.553605464505},"point_estimate":49768.152399734005,"standard_error":81.19568623078717},"std_dev":{"confidence_interval":{"confidence_level":0.95,"lower_bound":482.6642637203835,"upper_bound":835.0257726093757},"point_estimate":667.9415152611398,"standard_error":90.66947126803953}}