{"mean":{"confidence_interval":{"confidence_level":0.95,"lower_bound":1254.4075929186727,"upper_bound":1290.1301529954987},"point_estimate":1267.5245969187524,"standard_error":10.158901361603064},"median":{"confidence_interval":{"confidence_level":0.95,"lower_bound":1250.0563490987938,"upper_bound":1250.5189324447288},"point_estimate":1250.273276586648,"standard_error":0.12032920583396803},"median_abs_dev":{"confidence_interval":{"confidence_level":0.95,"lower_bound":0.8137033251921286,"upper_bound":1.8688384454789795},"point_estimate":1.250715767403847,"standard_error":0.25297879851158434},"slope":{"confidence_interval":{"confidence_level":0.95,"lower_bound":1250.056024917739,"upper_bound":1251.2188131740907},"point_estimate":1250.5601007436803,"standard_error":0.29975363213807166},"std_dev":{"confidence_interval":{"confidence_level":0.95,"lower_bound":13.760593989896531,"upper_bound":174.10121212902374},"point_estimate":102.89013212764092,"standard_error":54.44167709179713}}