{"mean":{"confidence_interval":{"confidence_level":0.95,"lower_bound":114248.0782483928,"upper_bound":114572.67104841872},"point_estimate":114386.87490180215,"standard_error":84.20055860968873},"median":{"confidence_interval":{"confidence_level":0.95,"lower_bound":114215.57171717171,"upper_bound":114276.78571428571},"point_estimate":114253.99894067796,"standard_error":16.61593266013489},"median_abs_dev":{"confidence_interval":{"confidence_level":0.95,"lower_bound":164.52807057718715,"upper_bound":321.6802749999886},"point_estimate":238.37442410134335,"standard_error":42.78276218535536},"slope":{"confidence_interval":{"confidence_level":0.95,"lower_bound":114099.49857471524,"upper_bound":114200.52855601352},"point_estimate":114147.06234799599,"standard_error":25.815579095937544},"std_dev":{"confidence_interval":{"confidence_level":0.95,"lower_bound":247.03463027734878,"upper_bound":1288.0394503401574},"point_estimate":844.8529648461665,"standard_error":277.10932097881357}}