{"mean":{"confidence_interval":{"confidence_level":0.95,"lower_bound":1345.0071657063786,"upper_bound":1351.4360764391542},"point_estimate":1347.827521819902,"standard_error":1.6501826363816863},"median":{"confidence_interval":{"confidence_level":0.95,"lower_bound":1343.4771895240779,"upper_bound":1344.300008660758},"point_estimate":1343.8270423221952,"standard_error":0.22066646586421254},"median_abs_dev":{"confidence_interval":{"confidence_level":0.95,"lower_bound":1.8153712871548875,"upper_bound":3.702029538923204},"point_estimate":2.52088915656749,"standard_error":0.4756481411812733},"slope":{"confidence_interval":{"confidence_level":0.95,"lower_bound":1342.643192026363,"upper_bound":1348.1347563106804},"point_estimate":1344.755953617193,"standard_error":1.4601911263492227},"std_dev":{"confidence_interval":{"confidence_level":0.95,"lower_bound":6.878298390785503,"upper_bound":23.760180499853895},"point_estimate":16.54198957845082,"standard_error":4.2248321034439815}}