{"mean":{"confidence_interval":{"confidence_level":0.95,"lower_bound":1269.2568207790741,"upper_bound":1311.0504975283338},"point_estimate":1284.450441988755,"standard_error":11.995890252280354},"median":{"confidence_interval":{"confidence_level":0.95,"lower_bound":1258.720336237829,"upper_bound":1265.049499545041},"point_estimate":1260.1082400268187,"standard_error":1.5720560282838423},"median_abs_dev":{"confidence_interval":{"confidence_level":0.95,"lower_bound":3.2152949036581258,"upper_bound":12.926086552496105},"point_estimate":5.955775223232389,"standard_error":2.3245575148594027},"slope":{"confidence_interval":{"confidence_level":0.95,"lower_bound":1264.680879815376,"upper_bound":1274.6753573917833},"point_estimate":1269.304729926705,"standard_error":2.556897123408001},"std_dev":{"confidence_interval":{"confidence_level":0.95,"lower_bound":18.930941580475697,"upper_bound":204.33298593384274},"point_estimate":120.49732738980508,"standard_error":64.89733310418566}}