{"mean":{"confidence_interval":{"confidence_level":0.95,"lower_bound":795.3572571841653,"upper_bound":807.6194771764386},"point_estimate":800.7106102276376,"standard_error":3.163966134611447},"median":{"confidence_interval":{"confidence_level":0.95,"lower_bound":789.2950532531005,"upper_bound":790.6173355629878},"point_estimate":789.834066063346,"standard_error":0.32265030636097397},"median_abs_dev":{"confidence_interval":{"confidence_level":0.95,"lower_bound":1.7333183666995426,"upper_bound":4.076858200183317},"point_estimate":2.497062045951552,"standard_error":0.612112901856171},"slope":{"confidence_interval":{"confidence_level":0.95,"lower_bound":792.1732892197607,"upper_bound":798.8913879694533},"point_estimate":795.3091937500045,"standard_error":1.7205343796376926},"std_dev":{"confidence_interval":{"confidence_level":0.95,"lower_bound":12.19261177386288,"upper_bound":47.50679661684085},"point_estimate":31.798027424781587,"standard_error":9.43880633911816}}