{"mean":{"confidence_interval":{"confidence_level":0.95,"lower_bound":80157.60086983703,"upper_bound":82536.48142640681},"point_estimate":81031.83059266426,"standard_error":674.0429584620848},"median":{"confidence_interval":{"confidence_level":0.95,"lower_bound":79561.47075827654,"upper_bound":79597.56852343059},"point_estimate":79575.18737672584,"standard_error":16.64470443601279},"median_abs_dev":{"confidence_interval":{"confidence_level":0.95,"lower_bound":30.685940509877657,"upper_bound":98.98176004645305},"point_estimate":53.411463181530955,"standard_error":27.234179892251802},"slope":{"confidence_interval":{"confidence_level":0.95,"lower_bound":79908.72073881683,"upper_bound":80544.56206465917},"point_estimate":80208.25704925487,"standard_error":162.53818881023756},"std_dev":{"confidence_interval":{"confidence_level":0.95,"lower_bound":1165.9646924513409,"upper_bound":11495.649438699154},"point_estimate":6800.316621338814,"standard_error":3577.0160300953803}}