{"mean":{"confidence_interval":{"confidence_level":0.95,"lower_bound":26110.73040281774,"upper_bound":26626.650249624996},"point_estimate":26297.074178123483,"standard_error":149.22232166947333},"median":{"confidence_interval":{"confidence_level":0.95,"lower_bound":26052.747330282225,"upper_bound":26057.744975755002},"point_estimate":26055.410399492706,"standard_error":1.2305438620522378},"median_abs_dev":{"confidence_interval":{"confidence_level":0.95,"lower_bound":5.61275051607566,"upper_bound":12.252478064064933},"point_estimate":8.984750301530669,"standard_error":1.6451471269585816},"slope":{"confidence_interval":{"confidence_level":0.95,"lower_bound":26097.552050106326,"upper_bound":26220.487358140123},"point_estimate":26154.44375078749,"standard_error":31.503468418238267},"std_dev":{"confidence_interval":{"confidence_level":0.95,"lower_bound":193.98013905078156,"upper_bound":2534.9540866633206},"point_estimate":1494.477072327017,"standard_error":810.6268828766257}}